Recording	Participant	Timeline	TOI	Interval	Media	AOI	post	pre	Last_key_press	Total_duration_of_fixations	Average_duration_of_fixations	Minimum_duration_of_fixations	Maximum_duration_of_fixations	Number_of_fixations	Time_to_first_fixation	Duration_of_first_fixation	Last_AOI_viewed	AOI_at_interval_end	Average_pupil_diameter	Total_duration_of_whole_fixations	Average_duration_of_whole_fixations	Minimum_duration_of_whole_fixations	Maximum_duration_of_whole_fixations	Number_of_whole_fixations	Time_to_first_whole_fixation	Duration_of_first_whole_fixation	Average_whole-fixation_pupil_diameter	Total_duration_of_Visit	Average_duration_of_Visit	Minimum_duration_of_Visit	Maximum_duration_of_Visit	Number_of_Visits	Time_to_first_Visit	Duration_of_first_Visit	Total_duration_of_Glances	Average_duration_of_Glances	Minimum_duration_of_Glances	Maximum_duration_of_Glances	Number_of_Glances	Time_to_first_Glance	Duration_of_first_Glance	Number_of_mouse_clicks	Time_to_first_mouse_click	Time_from_first_fixation_to_mouse_click	Number_of_mouse_clicks_and_releases	Time_to_first_mouse_click_and_release	Time_from_first_fixation_to_mouse_click_and_release	Number_of_saccades_in_AOI	Time_to_entry_saccade	Time_to_exit_saccade	Peak_velocity_of_entry_saccade	Peak_velocity_of_exit_saccade	Character_index	Word_index	Sentence_index	AOI_string	Text_unit_type	Number_of_units	First-pass_first_fixation_duration	First-pass_duration	Selective_regression-path_duration	First-pass_regression	Total_duration_of_fixations	Regression-path_duration	Re-reading_duration
Recording21	Participant6	Timeline1	My Time of Interest 001	1	Screen Recording Recording21	Rectangle			5	34742	220	67	766	158	28585	200	"Rectangle 1,Rectangle 8,Rectangle 15,Rectangle 26,Rectangle 33,Rectangle 34"		3.42956	34309	221	67	766	155	28585	200	3.43047	41654	5207	150	13524	8	28585	13274	42087	5261	183	13557	8	28535	13324	0			0			131	42009	56815	672.97	349.35													
Recording21	Participant6	Timeline1	My Time of Interest 001	1	Screen Recording Recording21	Rectangle 1			5	26181	247	83	1599	106	52352	183	"Rectangle 1,Rectangle 8,Rectangle 15,Rectangle 26,Rectangle 33,Rectangle 34"		3.39251	24066	234	83	700	103	52352	183	3.37596	30428	2766	583	6995	11	52352	799	30928	2812	600	7045	11	52302	849	1	103472	51120	1	103472	51120	88	52302	53151	303.17	188.64													
Recording21	Participant6	Timeline1	My Time of Interest 001	1	Screen Recording Recording21	Rectangle 2			5	8694	223	83	700	39	52352	183	"Rectangle 1,Rectangle 8,Rectangle 15,Rectangle 26,Rectangle 33,Rectangle 34"		3.34419	8694	223	83	700	39	52352	183	3.34419	9926	827	83	4197	12	52352	799	10343	862	133	4230	12	52302	849	0			0			24	52302	53151	303.17	188.64													
Recording21	Participant6	Timeline1	My Time of Interest 001	1	Screen Recording Recording21	Rectangle 3			5	8044	277	83	1599	29	56998	117	"Rectangle 1,Rectangle 8,Rectangle 15,Rectangle 26,Rectangle 33,Rectangle 34"		3.46625	6229	231	83	566	27	56998	117	3.43263	8960	747	117	2432	12	56998	117	9377	781	150	2465	12	56965	150	0			0			15	56965	57115	73.86	62.76													
Recording21	Participant6	Timeline1	My Time of Interest 001	1	Screen Recording Recording21	Rectangle 4			5	3281	234	83	566	14	56882	83	"Rectangle 1,Rectangle 8,Rectangle 15,Rectangle 26,Rectangle 33,Rectangle 34"		3.37346	2981	229	83	566	13	56882	83	3.35317	3514	586	83	1632	6	56882	83	3814	636	150	1699	6	56815	150	1	103472	46590	1	103472	46590	8	56815	56965	349.35	73.86													
Recording21	Participant6	Timeline1	My Time of Interest 001	1	Screen Recording Recording21	Rectangle 5			5	5013	264	100	683	19	69140	683	"Rectangle 1,Rectangle 8,Rectangle 15,Rectangle 26,Rectangle 33,Rectangle 34"		3.37099	5013	264	100	683	19	69140	683	3.37099	5479	783	400	1499	7	69140	683	5813	830	433	1532	7	69073	749	0			0			12	70106	69823	135.48	45.74													
Recording21	Participant6	Timeline1	My Time of Interest 001	1	Screen Recording Recording21	Rectangle 6			5	933	233	117	316	4	69856	250	"Rectangle 1,Rectangle 8,Rectangle 15,Rectangle 26,Rectangle 33,Rectangle 34"		3.36872	933	233	117	316	4	69856	250	3.36872	933	233	117	316	4	69856	250	1116	279	150	350	4	69823	283	0			0			0	69823	70106	45.74	135.48													
Recording21	Participant6	Timeline1	My Time of Interest 001	1	Screen Recording Recording21	Rectangle 7			5	38906	322	67	1449	121	114990	67	"Rectangle 1,Rectangle 8,Rectangle 15,Rectangle 26,Rectangle 33,Rectangle 34"		3.39445	37990	325	67	1449	117	115157	916	3.39307	45832	3819	200	14906	12	114990	14906	46315	3860	233	14906	12	114990	14906	0			0			85	130696	129896	141.55	446.51													
Recording21	Participant6	Timeline1	My Time of Interest 001	1	Screen Recording Recording21	Rectangle 8			5	26431	230	67	933	115	129930	83	"Rectangle 1,Rectangle 8,Rectangle 15,Rectangle 26,Rectangle 33,Rectangle 34"		3.32477	26081	231	67	933	113	129930	83	3.3244	30745	2562	83	9477	12	129930	83	31211	2601	117	9493	12	129896	117	0			0			94	129896	130013	446.51	63.93													
Recording21	Participant6	Timeline1	My Time of Interest 001	1	Screen Recording Recording21	Rectangle 9			5	3781	199	67	633	19	139007	300	"Rectangle 1,Rectangle 8,Rectangle 15,Rectangle 26,Rectangle 33,Rectangle 34"		3.26244	3781	199	67	633	19	139007	300	3.26244	4330	866	67	2482	5	139007	1066	4463	893	83	2515	5	138973	1099	0			0			13	138973	140073	53.16	467.06													
Recording21	Participant6	Timeline1	My Time of Interest 001	1	Screen Recording Recording21	Rectangle 10			5	8561	252	67	933	34	140089	117	"Rectangle 1,Rectangle 8,Rectangle 15,Rectangle 26,Rectangle 33,Rectangle 34"		3.3555	8394	254	67	933	33	140089	117	3.35444	9543	795	117	2465	12	140089	117	9910	826	133	2532	12	140073	133	0			0			20	140073	140206	467.06	455.92													
Recording21	Participant6	Timeline1	My Time of Interest 001	1	Screen Recording Recording21	Rectangle 11			5	8644	247	83	833	35	143404	366	"Rectangle 1,Rectangle 8,Rectangle 15,Rectangle 26,Rectangle 33,Rectangle 34"		3.31288	8644	247	83	833	35	143404	366	3.31288	9343	667	133	2132	14	143404	533	9743	696	150	2165	14	143370	566	0			0			21	143370	143936	68.03	117.09													
Recording21	Participant6	Timeline1	My Time of Interest 001	1	Screen Recording Recording21	Rectangle 12			5	4097	205	67	416	20	148567	117	"Rectangle 1,Rectangle 8,Rectangle 15,Rectangle 26,Rectangle 33,Rectangle 34"		3.33958	3914	206	67	416	19	148567	117	3.34141	4630	661	67	2282	7	148567	117	4930	704	83	2315	7	148500	183	0			0			12	148500	155262	289.81	94.61													
Recording21	Participant6	Timeline1	My Time of Interest 001	1	Screen Recording Recording21	Rectangle 13			5	67	67	67	67	1	190936	67	"Rectangle 1,Rectangle 8,Rectangle 15,Rectangle 26,Rectangle 33,Rectangle 34"		3.3252	67	67	67	67	1	190936	67	3.3252	67	67	67	67	1	190936	67	100	100	100	100	1	190903	100	0			0			0		191003		51.78													
Recording21	Participant6	Timeline1	My Time of Interest 001	1	Screen Recording Recording21	Rectangle 14			5	8979	321	117	1033	28	203840	119	"Rectangle 1,Rectangle 8,Rectangle 15,Rectangle 26,Rectangle 33,Rectangle 34"		3.24754	8860	328	117	1033	27	203992	466	3.24684	9912	1416	283	4232	7	203840	4232	10212	1459	316	4232	7	203840	4232	0			0			18	211870	208072	191.33	136.02													
Recording21	Participant6	Timeline1	My Time of Interest 001	1	Screen Recording Recording21	Rectangle 15			5	5246	328	83	716	16	231972	183	"Rectangle 1,Rectangle 8,Rectangle 15,Rectangle 26,Rectangle 33,Rectangle 34"		3.22529	5246	328	83	716	16	231972	183	3.22529	5979	2990	700	5280	2	231972	700	6079	3040	733	5346	2	231939	733	0			0			13	231939	232672	76.32	127.87													
Recording21	Participant6	Timeline1	My Time of Interest 001	1	Screen Recording Recording21	Rectangle 16			5	1582	176	83	400	9	233321	133	"Rectangle 1,Rectangle 8,Rectangle 15,Rectangle 26,Rectangle 33,Rectangle 34"		3.21067	1582	176	83	400	9	233321	133	3.21067	1882	1882	1882	1882	1	233321	1882	1915	1915	1915	1915	1	233288	1915	0			0			8	233288	235203	70.56	154.76													
Recording21	Participant6	Timeline1	My Time of Interest 001	1	Screen Recording Recording21	Rectangle 17			5	716	716	716	716	1	240200	716	"Rectangle 1,Rectangle 8,Rectangle 15,Rectangle 26,Rectangle 33,Rectangle 34"		3.2173	716	716	716	716	1	240200	716	3.2173	716	716	716	716	1	240200	716	766	766	766	766	1	240150	766	0			0			0	240150		158.54														
Recording21	Participant6	Timeline1	My Time of Interest 001	1	Screen Recording Recording21	Rectangle 18			5	1316	329	183	650	4	231972	183	"Rectangle 1,Rectangle 8,Rectangle 15,Rectangle 26,Rectangle 33,Rectangle 34"		3.21682	1316	329	183	650	4	231972	183	3.21682	1332	444	183	650	3	231972	183	1466	489	217	716	3	231939	217	0			0			1	231939	232155	76.32	112.57													
Recording21	Participant6	Timeline1	My Time of Interest 001	1	Screen Recording Recording21	Rectangle 19			5	2432	347	83	550	7	232189	483	"Rectangle 1,Rectangle 8,Rectangle 15,Rectangle 26,Rectangle 33,Rectangle 34"		3.23279	2432	347	83	550	7	232189	483	3.23279	2465	493	283	816	5	232189	483	2681	536	316	849	5	232155	516	0			0			2	232155	232672	112.57	127.87													
Recording21	Participant6	Timeline1	My Time of Interest 001	1	Screen Recording Recording21	Rectangle 20			5	483	241	233	250	2	237318	233	"Rectangle 1,Rectangle 8,Rectangle 15,Rectangle 26,Rectangle 33,Rectangle 34"		3.21989	483	241	233	250	2	237318	233	3.21989	483	241	233	250	2	237318	233	566	283	266	300	2	237285	266	0			0			0	237285	237551	107.13	70.08													
Recording21	Participant6	Timeline1	My Time of Interest 001	1	Screen Recording Recording21	Rectangle 21			5	300	150	133	167	2	237585	133	"Rectangle 1,Rectangle 8,Rectangle 15,Rectangle 26,Rectangle 33,Rectangle 34"		3.22938	300	150	133	167	2	237585	133	3.22938	316	316	316	316	1	237585	316	350	350	350	350	1	237551	350	0			0			1	237551	237901	70.08	129.12													
Recording21	Participant6	Timeline1	My Time of Interest 001	1	Screen Recording Recording21	Rectangle 22			5	2148	215	100	400	10	208122	100	"Rectangle 1,Rectangle 8,Rectangle 15,Rectangle 26,Rectangle 33,Rectangle 34"		3.23318	2148	215	100	400	10	208122	100	3.23318	2298	1149	1116	1182	2	208122	1182	2415	1207	1182	1232	2	208072	1232	0			0			8	208072	209305	136.02	46.47													
Recording21	Participant6	Timeline1	My Time of Interest 001	1	Screen Recording Recording21	Rectangle 23			5	4613	243	83	1232	19	209322	217	"Rectangle 1,Rectangle 8,Rectangle 15,Rectangle 26,Rectangle 33,Rectangle 34"		3.23786	4447	247	83	1232	18	209322	217	3.23035	5313	1063	150	2915	5	209322	1366	5479	1096	167	2931	5	209305	1382	0			0			12	209305	210687	46.47	254.82													
Recording21	Participant6	Timeline1	My Time of Interest 001	1	Screen Recording Recording21	Rectangle 24			5	9127	277	67	650	33	213735	67	"Rectangle 1,Rectangle 8,Rectangle 15,Rectangle 26,Rectangle 33,Rectangle 34"		3.18752	9127	277	67	650	33	213735	67	3.18752	10809	1544	67	4264	7	213735	67	11142	1592	117	4314	7	213685	117	0			0			21	213685	213802	220.19	44.11													
Recording21	Participant6	Timeline1	My Time of Interest 001	1	Screen Recording Recording21	Rectangle 25			5	35233	284	67	1682	124	246520	125	"Rectangle 1,Rectangle 8,Rectangle 15,Rectangle 26,Rectangle 33,Rectangle 34"		3.52075	34659	284	67	1682	122	246762	133	3.52301	43078	3314	300	10959	13	246520	991	43727	3364	350	11009	13	246520	991	0			0			83	248893	247511	303.7	96.92													
Recording21	Participant6	Timeline1	My Time of Interest 001	1	Screen Recording Recording21	Rectangle 26			5	17554	373	83	1116	47	255888	183	"Rectangle 1,Rectangle 8,Rectangle 15,Rectangle 26,Rectangle 33,Rectangle 34"		3.43139	17271	375	83	1116	46	255888	183	3.43214	18803	1709	183	4930	11	255888	183	19186	1744	217	4996	11	255855	217	0			0			34	255855	256072	137.02	186.36													
Recording21	Participant6	Timeline1	My Time of Interest 001	1	Screen Recording Recording21	Rectangle 27			5	4913	409	133	849	12	273060	700	"Rectangle 1,Rectangle 8,Rectangle 15,Rectangle 26,Rectangle 33,Rectangle 34"		3.41014	4913	409	133	849	12	273060	700	3.41014	5046	841	133	1599	6	273060	1099	5213	869	150	1616	6	273010	1149	0			0			6	273010	274159	357.77	31.56													
Recording21	Participant6	Timeline1	My Time of Interest 001	1	Screen Recording Recording21	Rectangle 28			5	5763	320	83	1116	18	255888	183	"Rectangle 1,Rectangle 8,Rectangle 15,Rectangle 26,Rectangle 33,Rectangle 34"		3.42138	5763	320	83	1116	18	255888	183	3.42138	6262	1044	183	3314	6	255888	183	6479	1080	217	3331	6	255855	217	0			0			11	255855	256072	137.02	186.36													
Recording21	Participant6	Timeline1	My Time of Interest 001	1	Screen Recording Recording21	Rectangle 29			5	3731	466	167	983	8	286150	233	"Rectangle 1,Rectangle 8,Rectangle 15,Rectangle 26,Rectangle 33,Rectangle 34"		3.47466	3731	466	167	983	8	286150	233	3.47466	3797	759	233	1715	5	286150	233	3981	796	250	1732	5	286117	266	0			0			3	286117	286383	48.53	45.57													
Recording21	Participant6	Timeline1	My Time of Interest 001	1	Screen Recording Recording21	Rectangle 30			5	2748	393	133	583	7	301489	516	"Rectangle 1,Rectangle 8,Rectangle 15,Rectangle 26,Rectangle 33,Rectangle 34"		3.40806	2465	411	133	583	6	301489	516	3.41068	2815	938	583	1182	3	301489	1182	2948	983	616	1216	3	301456	1216	0			0			4	301456	305253	69.54	425.34													
Recording21	Participant6	Timeline1	My Time of Interest 001	1	Screen Recording Recording21	Rectangle 31			5	400	200	133	266	2	314347	133	"Rectangle 1,Rectangle 8,Rectangle 15,Rectangle 26,Rectangle 33,Rectangle 34"		3.5934	400	200	133	266	2	314347	133	3.5934	433	433	433	433	1	314347	433	450	450	450	450	1	314330	450	0			0			1	314330	314780	33.21	334.7													
Recording21	Participant6	Timeline1	My Time of Interest 001	1	Screen Recording Recording21	Rectangle 32			5	19729	227	67	700	87	320650	142	"Rectangle 1,Rectangle 8,Rectangle 15,Rectangle 26,Rectangle 33,Rectangle 34"		3.26539	19586	228	67	700	86	320842	200	3.26166	24075	1605	117	7894	15	320650	1725	24892	1659	150	7961	15	320650	1725	0			0			55	322741	322374	230.23	355.74													
Recording21	Participant6	Timeline1	My Time of Interest 001	1	Screen Recording Recording21	Rectangle 33			5	29862	233	67	1299	128	322424	67	"Rectangle 1,Rectangle 8,Rectangle 15,Rectangle 26,Rectangle 33,Rectangle 34"		3.07928	29696	234	67	1299	127	322424	67	3.07807	34609	2163	133	5912	16	322424	316	35491	2218	200	5979	16	322374	366	0			0			102	322374	322741	355.74	230.23													
Recording21	Participant6	Timeline1	My Time of Interest 001	1	Screen Recording Recording21	Rectangle 34			5	3947	197	83	400	20	322524	217	"Rectangle 1,Rectangle 8,Rectangle 15,Rectangle 26,Rectangle 33,Rectangle 34"		3.06391	3947	197	83	400	20	322524	217	3.06391	4763	794	183	1865	6	322524	217	5013	836	233	1899	6	322491	250	0			0			11	322491	322741	38.58	230.23													
Recording21	Participant6	Timeline1	My Time of Interest 001	1	Screen Recording Recording21	Rectangle 35			5	7311	244	67	566	30	322424	67	"Rectangle 1,Rectangle 8,Rectangle 15,Rectangle 26,Rectangle 33,Rectangle 34"		3.14294	7145	246	67	566	29	322424	67	3.13942	7994	799	67	1765	10	322424	67	8344	834	117	1782	10	322374	117	0			0			19	322374	322491	355.74	38.58													
Recording21	Participant6	Timeline1	My Time of Interest 001	1	Screen Recording Recording21	Rectangle 36			5	5479	196	67	483	28	322424	67	"Rectangle 1,Rectangle 8,Rectangle 15,Rectangle 26,Rectangle 33,Rectangle 34"		3.11265	5479	196	67	483	28	322424	67	3.11265	6062	433	67	1282	14	322424	67	6612	472	100	1299	14	322374	117	0			0			13	322374	322491	355.74	38.58													
Recording21	Participant6	Timeline1	My Time of Interest 001	1	Screen Recording Recording21	Rectangle 37			5	10326	240	67	1066	43	340495	266	"Rectangle 1,Rectangle 8,Rectangle 15,Rectangle 26,Rectangle 33,Rectangle 34"		3.02982	10326	240	67	1066	43	340495	266	3.02982	11875	848	100	5646	14	340495	483	12458	890	133	5729	14	340462	516	0			0			25	340462	340978	203.75	297.29													
Recording21	Participant6	Timeline1	My Time of Interest 001	1	Screen Recording Recording21	Rectangle 38			5	3414	310	83	1299	11	365144	1299	"Rectangle 1,Rectangle 8,Rectangle 15,Rectangle 26,Rectangle 33,Rectangle 34"		3.04349	3414	310	83	1299	11	365144	1299	3.04349	3531	504	117	1299	7	365144	1299	3764	538	150	1332	7	365111	1332	0			0			4	365111	368725	143.36	43.6													
Recording15	Participant4	Timeline1	My Time of Interest 001	1	Screen Recording Recording15	Rectangle			1	19464	243	28	600	80	86600	28	"Rectangle 1,Rectangle 8,Rectangle 33,Rectangle 38"		2.91284	18903	245	67	600	77	86645	183	2.91378	22579	2822	228	10826	8	86600	228	22812	2851	228	10859	8	86600	228	0			0			62	87427	86828	319.58	63.76													
Recording15	Participant4	Timeline1	My Time of Interest 001	1	Screen Recording Recording15	Rectangle 1			1	11175	266	100	766	42	100585	167	"Rectangle 1,Rectangle 8,Rectangle 33,Rectangle 38"		2.83759	11175	266	100	766	42	100585	167	2.83759	12458	1384	133	5396	9	100585	167	12808	1423	183	5429	9	100568	183	0			0			30	100568	100751	147.01	290.01													
Recording15	Participant4	Timeline1	My Time of Interest 001	1	Screen Recording Recording15	Rectangle 2			1	5846	292	133	766	20	100585	167	"Rectangle 1,Rectangle 8,Rectangle 33,Rectangle 38"		2.81722	5846	292	133	766	20	100585	167	2.81722	6379	1276	167	4797	5	100585	167	6562	1312	183	4830	5	100568	183	0			0			14	100568	100751	147.01	290.01													
Recording15	Participant4	Timeline1	My Time of Interest 001	1	Screen Recording Recording15	Rectangle 3			1	1699	283	100	550	6	101584	133	"Rectangle 1,Rectangle 8,Rectangle 33,Rectangle 38"		2.80415	1699	283	100	550	6	101584	133	2.80415	1732	346	100	666	5	101584	133	1915	383	117	716	5	101534	183	0			0			1	101534	101717	119.52	34.38													
Recording15	Participant4	Timeline1	My Time of Interest 001	1	Screen Recording Recording15	Rectangle 4			1	1599	228	167	350	7	114108	217	"Rectangle 1,Rectangle 8,Rectangle 33,Rectangle 38"		2.85032	1599	228	167	350	7	114108	217	2.85032	1715	572	217	1216	3	114108	217	1799	600	233	1232	3	114092	233	0			0			4	114092	114325	94.68	114.28													
Recording15	Participant4	Timeline1	My Time of Interest 001	1	Screen Recording Recording15	Rectangle 5			1	2032	226	150	300	9	122069	300	"Rectangle 1,Rectangle 8,Rectangle 33,Rectangle 38"		2.91412	2032	226	150	300	9	122069	300	2.91412	2265	2265	2265	2265	1	122069	2265	2282	2282	2282	2282	1	122053	2282	0			0			7	122053	124334	109.76	325.28													
Recording15	Participant4	Timeline1	My Time of Interest 001	1	Screen Recording Recording15	Rectangle 6			1	0				0			"Rectangle 1,Rectangle 8,Rectangle 33,Rectangle 38"			0				0				0				0			0				0			0			0			0																	
Recording15	Participant4	Timeline1	My Time of Interest 001	1	Screen Recording Recording15	Rectangle 7			1	25399	322	67	2032	79	134744	366	"Rectangle 1,Rectangle 8,Rectangle 33,Rectangle 38"		2.84377	23783	330	67	2032	72	134744	366	2.84033	27847	2321	200	13940	12	134744	8427	28380	2365	233	13990	12	134727	8444	0			0			58	134727	145186	45.99	592.29													
Recording15	Participant4	Timeline1	My Time of Interest 001	1	Screen Recording Recording15	Rectangle 8			1	26448	304	67	1499	87	143254	383	"Rectangle 1,Rectangle 8,Rectangle 33,Rectangle 38"		2.89472	21618	292	67	1499	74	143254	383	2.88312	30778	1924	250	7478	16	143254	383	31444	1965	283	7545	16	143221	416	0			0			56	145336	143637	81.64	298.73													
Recording15	Participant4	Timeline1	My Time of Interest 001	1	Screen Recording Recording15	Rectangle 9			1	2448	272	83	583	9	145769	167	"Rectangle 1,Rectangle 8,Rectangle 33,Rectangle 38"		2.68601	2448	272	83	583	9	145769	167	2.68601	2548	425	233	1049	6	145769	266	2748	458	250	1083	6	145719	316	0			0			3	145719	160459	91.87	74.89													
Recording15	Participant4	Timeline1	My Time of Interest 001	1	Screen Recording Recording15	Rectangle 10			1	2998	250	100	383	12	143254	383	"Rectangle 1,Rectangle 8,Rectangle 33,Rectangle 38"		2.81822	2898	263	167	383	11	143254	383	2.81912	3314	552	200	1366	6	143254	383	3514	586	250	1382	6	143221	416	0			0			5	145336	143637	81.64	298.73													
Recording15	Participant4	Timeline1	My Time of Interest 001	1	Screen Recording Recording15	Rectangle 11			1	9510	340	67	1499	28	167221	383	"Rectangle 1,Rectangle 8,Rectangle 33,Rectangle 38"		2.88985	7595	330	67	1499	23	167221	383	2.87585	10526	1053	67	2498	10	167221	1999	10909	1091	133	2515	10	167154	2065	0			0			14	167154	169219	371.01	137.32													
Recording15	Participant4	Timeline1	My Time of Interest 001	1	Screen Recording Recording15	Rectangle 12			1	7345	334	133	1033	22	170152	816	"Rectangle 1,Rectangle 8,Rectangle 33,Rectangle 38"		2.9935	4897	288	133	1033	17	171168	133	3.02048	8078	808	183	2115	10	170152	1599	8461	846	233	2148	10	170102	1649	0			0			9	174399	171751	50.53	394.36													
Recording15	Participant4	Timeline1	My Time of Interest 001	1	Screen Recording Recording15	Rectangle 13			1	3464	266	150	483	13	172051	416	"Rectangle 1,Rectangle 8,Rectangle 33,Rectangle 38"		2.9064	3098	282	150	483	11	172051	416	2.89029	3631	605	333	1482	6	172051	416	3864	644	366	1566	6	172001	466	0			0			7	172001	172467	415.27	236.52													
Recording15	Participant4	Timeline1	My Time of Interest 001	1	Screen Recording Recording15	Rectangle 14			1	15206	282	67	766	54	202912	100	"Rectangle 1,Rectangle 8,Rectangle 33,Rectangle 38"		2.80449	15206	282	67	766	54	202912	100	2.80449	16488	916	350	4097	18	202912	4097	17221	957	400	4164	18	202845	4164	0			0			35	202845	208974	127.85	102.87													
Recording15	Participant4	Timeline1	My Time of Interest 001	1	Screen Recording Recording15	Rectangle 15			1	4097	241	83	466	17	223914	83	"Rectangle 1,Rectangle 8,Rectangle 33,Rectangle 38"		2.80938	3931	246	83	466	16	223914	83	2.81267	4430	633	83	2132	7	223914	83	4763	680	150	2148	7	223847	150	0			0			9	223847	223997	419.59	34													
Recording15	Participant4	Timeline1	My Time of Interest 001	1	Screen Recording Recording15	Rectangle 16			1	4946	215	83	416	23	215220	150	"Rectangle 1,Rectangle 8,Rectangle 33,Rectangle 38"		2.69979	4946	215	83	416	23	215220	150	2.69979	5346	486	83	1865	11	215220	150	5713	519	117	1899	11	215153	217	0			0			10	222198	215370	115.89	34.25													
Recording15	Participant4	Timeline1	My Time of Interest 001	1	Screen Recording Recording15	Rectangle 17			1	1482	247	83	433	6	223914	83	"Rectangle 1,Rectangle 8,Rectangle 33,Rectangle 38"		2.81147	1482	247	83	433	6	223914	83	2.81147	1482	247	83	433	6	223914	83	1799	300	150	483	6	223847	150	0			0			0	223847	223997	419.59	34													
Recording15	Participant4	Timeline1	My Time of Interest 001	1	Screen Recording Recording15	Rectangle 18			1	566	283	250	316	2	237587	316	"Rectangle 1,Rectangle 8,Rectangle 33,Rectangle 38"		2.73896	566	283	250	316	2	237587	316	2.73896	566	283	250	316	2	237587	316	650	325	283	366	2	237537	366	0			0			0	237537	237904	102.87	93													
Recording15	Participant4	Timeline1	My Time of Interest 001	1	Screen Recording Recording15	Rectangle 19			1	1149	287	167	466	4	254259	167	"Rectangle 1,Rectangle 8,Rectangle 33,Rectangle 38"		2.90387	983	328	183	466	3	255025	333	2.93308	1166	389	167	666	3	254259	167	1232	411	200	683	3	254225	200	0			0			1	254225	255358	64.39	51.45													
Recording15	Participant4	Timeline1	My Time of Interest 001	1	Screen Recording Recording15	Rectangle 20			1	616	205	150	250	3	237937	217	"Rectangle 1,Rectangle 8,Rectangle 33,Rectangle 38"		2.74929	616	205	150	250	3	237937	217	2.74929	616	205	150	250	3	237937	217	700	233	183	266	3	237904	250	0			0			0	237904	238154	93	77.3													
Recording15	Participant4	Timeline1	My Time of Interest 001	1	Screen Recording Recording15	Rectangle 21			1	283	142	117	167	2	238187	167	"Rectangle 1,Rectangle 8,Rectangle 33,Rectangle 38"		2.6865	283	142	117	167	2	238187	167	2.6865	283	142	117	167	2	238187	167	350	175	150	200	2	238154	200	0			0			0	238154	238353	77.3	340.5													
Recording15	Participant4	Timeline1	My Time of Interest 001	1	Screen Recording Recording15	Rectangle 22			1	2437	222	5	516	11	202840	5	"Rectangle 1,Rectangle 8,Rectangle 33,Rectangle 38"		2.64782	2298	255	83	516	9	210523	200	2.65229	2520	360	5	616	7	202840	5	2703	386	5	650	7	202840	5	0			0			4	210490	202845	41.66	127.85													
Recording15	Participant4	Timeline1	My Time of Interest 001	1	Screen Recording Recording15	Rectangle 23			1	8627	332	67	1499	26	210024	466	"Rectangle 1,Rectangle 8,Rectangle 33,Rectangle 38"		2.69651	7361	351	67	1499	21	210024	466	2.70201	9243	544	133	1499	17	210024	466	9693	570	183	1516	17	210007	483	0			0			7	210007	210490	330.22	41.66													
Recording15	Participant4	Timeline1	My Time of Interest 001	1	Screen Recording Recording15	Rectangle 24			1	7611	272	150	483	28	212538	300	"Rectangle 1,Rectangle 8,Rectangle 33,Rectangle 38"		2.69855	7445	276	150	483	27	212538	300	2.70071	8011	534	150	1832	15	212538	300	8444	563	183	1849	15	212505	333	0			0			13	212505	213987	82.09	84.73													
Recording15	Participant4	Timeline1	My Time of Interest 001	1	Screen Recording Recording15	Rectangle 25			1	49124	291	67	1182	169	267183	916	"Rectangle 1,Rectangle 8,Rectangle 33,Rectangle 38"		2.89828	44269	297	67	1182	149	267183	916	2.90669	57701	1407	150	5429	41	267183	1549	59367	1448	200	5429	41	267150	1582	0			0			98	267150	268732	161.56	43.43													
Recording15	Participant4	Timeline1	My Time of Interest 001	1	Screen Recording Recording15	Rectangle 26			1	20119	419	100	1549	48	281872	450	"Rectangle 1,Rectangle 8,Rectangle 33,Rectangle 38"		2.95701	16555	376	100	1282	44	281872	450	2.96888	20802	800	200	2348	26	281872	450	21751	837	250	2365	26	281839	483	0			0			20	281839	282322	52.03	146.18													
Recording15	Participant4	Timeline1	My Time of Interest 001	1	Screen Recording Recording15	Rectangle 27			1	1732	866	450	1282	2	281872	450	"Rectangle 1,Rectangle 8,Rectangle 33,Rectangle 38"		3.02	1732	866	450	1282	2	281872	450	3.02	1732	866	450	1282	2	281872	450	1815	908	483	1332	2	281839	483	0			0			0	281839	282322	52.03	146.18													
Recording15	Participant4	Timeline1	My Time of Interest 001	1	Screen Recording Recording15	Rectangle 28			1	5280	406	200	1049	13	294580	416	"Rectangle 1,Rectangle 8,Rectangle 33,Rectangle 38"		2.86213	4230	353	200	666	12	294580	416	2.83576	5330	485	200	1049	11	294580	416	5763	524	233	1083	11	294563	433	0			0			2	294563	294996	35.24	223.11													
Recording15	Participant4	Timeline1	My Time of Interest 001	1	Screen Recording Recording15	Rectangle 29			1	5862	489	133	1166	12	309186	999	"Rectangle 1,Rectangle 8,Rectangle 33,Rectangle 38"		2.98335	5080	462	133	1166	11	309186	999	3.01757	5879	534	133	1166	11	309186	999	6146	559	150	1182	11	309136	1049	0			0			1	309136	310186	88.49	188.14													
Recording15	Participant4	Timeline1	My Time of Interest 001	1	Screen Recording Recording15	Rectangle 30			1	4880	349	100	1549	14	327423	1549	"Rectangle 1,Rectangle 8,Rectangle 33,Rectangle 38"		2.97329	3148	262	100	450	12	331487	133	2.99983	4930	411	100	1549	12	327423	1549	5263	439	167	1549	12	327423	1549	0			0			2	332187	328972	31.98	168.17													
Recording15	Participant4	Timeline1	My Time of Interest 001	1	Screen Recording Recording15	Rectangle 31			1	2465	352	217	716	7	331904	283	"Rectangle 1,Rectangle 8,Rectangle 33,Rectangle 38"		3.04593	2465	352	217	716	7	331904	283	3.04593	2482	414	217	716	6	331904	283	2631	439	233	733	6	331887	300	0			0			1	331887	332187	46.4	31.98													
Recording15	Participant4	Timeline1	My Time of Interest 001	1	Screen Recording Recording15	Rectangle 32			1	23975	228	67	1033	105	371400	159	"Rectangle 1,Rectangle 8,Rectangle 33,Rectangle 38"		2.78757	19919	234	67	1033	85	372458	83	2.77308	29771	1191	133	6828	25	371400	309	30820	1233	183	6895	25	371400	309	0			0			52	378920	377338	323.39	90.06													
Recording15	Participant4	Timeline1	My Time of Interest 001	1	Screen Recording Recording15	Rectangle 33			1	17171	238	83	550	72	377355	233	"Rectangle 1,Rectangle 8,Rectangle 33,Rectangle 38"		2.65512	15556	239	83	550	65	377355	233	2.66028	18837	753	100	3331	25	377355	233	19836	793	100	3381	25	377338	250	0			0			43	377338	377588	90.06	33.48													
Recording15	Participant4	Timeline1	My Time of Interest 001	1	Screen Recording Recording15	Rectangle 34			1	2115	212	83	333	10	377355	233	"Rectangle 1,Rectangle 8,Rectangle 33,Rectangle 38"		2.45694	1899	211	83	333	9	377355	233	2.46698	2215	316	83	533	7	377355	233	2415	345	100	566	7	377338	250	0			0			2	377338	377588	90.06	33.48													
Recording15	Participant4	Timeline1	My Time of Interest 001	1	Screen Recording Recording15	Rectangle 35			1	3198	188	83	350	17	378820	100	"Rectangle 1,Rectangle 8,Rectangle 33,Rectangle 38"		2.62068	2848	190	83	350	15	380003	117	2.61742	3298	275	100	683	12	378820	100	3647	304	100	733	12	378820	100	0			0			5	384899	378920	46.2	323.39													
Recording15	Participant4	Timeline1	My Time of Interest 001	1	Screen Recording Recording15	Rectangle 36			1	4314	288	83	550	15	384566	333	"Rectangle 1,Rectangle 8,Rectangle 33,Rectangle 38"		2.66868	3864	297	100	550	13	384566	333	2.66484	4480	407	100	1249	11	384566	333	4897	445	133	1316	11	384516	383	0			0			3	384516	384899	326.12	46.2													
Recording15	Participant4	Timeline1	My Time of Interest 001	1	Screen Recording Recording15	Rectangle 37			1	3248	250	117	366	13	409432	117	"Rectangle 1,Rectangle 8,Rectangle 33,Rectangle 38"		2.73906	3114	260	117	366	12	409432	117	2.7436	3348	418	117	1549	8	409432	117	3681	460	167	1582	8	409382	167	0			0			5	409382	409548	191.91	32.49													
Recording15	Participant4	Timeline1	My Time of Interest 001	1	Screen Recording Recording15	Rectangle 38			1	4114	257	133	466	16	419541	217	"Rectangle 1,Rectangle 8,Rectangle 33,Rectangle 38"		2.70821	3647	243	133	450	15	419541	217	2.72421	4613	659	217	1133	7	419541	217	4897	700	266	1182	7	419491	266	0			0			8	421790	419758	467.32	63.21													
Recording3	Participant1	Timeline1	My Time of Interest 001	1	Screen Recording Recording3	Rectangle			r	23432	213	32	583	110	51440	32	"Rectangle 1,Rectangle 8,Rectangle 33,Rectangle 37"		3.24524	23133	214	67	583	108	51505	150	3.24489	27879	1991	150	8028	14	51440	1497	28395	2028	200	8044	14	51440	1497	0			0			89	59433	52937	348.55	123.04													
Recording3	Participant1	Timeline1	My Time of Interest 001	1	Screen Recording Recording3	Rectangle 1			r	18154	230	67	583	79	54187	217	"Rectangle 1,Rectangle 8,Rectangle 33,Rectangle 37"		3.30754	17837	232	67	583	77	54187	217	3.3059	20719	1480	217	5962	14	54187	217	21218	1516	233	6029	14	54170	233	0			0			63	59016	59433	113.66	348.55													
Recording3	Participant1	Timeline1	My Time of Interest 001	1	Screen Recording Recording3	Rectangle 2			r	3831	213	133	450	18	54187	217	"Rectangle 1,Rectangle 8,Rectangle 33,Rectangle 37"		3.30485	3831	213	133	450	18	54187	217	3.30485	4214	527	150	1366	8	54187	217	4480	560	200	1382	8	54170	233	0			0			10	59016	59216	113.66	172.49													
Recording3	Participant1	Timeline1	My Time of Interest 001	1	Screen Recording Recording3	Rectangle 3			r	4214	222	67	516	19	59266	167	"Rectangle 1,Rectangle 8,Rectangle 33,Rectangle 37"		3.27166	4214	222	67	516	19	59266	167	3.27166	4480	407	83	866	11	59266	167	5013	456	117	916	11	59216	217	0			0			8	59216	59433	172.49	348.55													
Recording3	Participant1	Timeline1	My Time of Interest 001	1	Screen Recording Recording3	Rectangle 4			r	5796	232	117	533	25	76337	200	"Rectangle 1,Rectangle 8,Rectangle 33,Rectangle 37"		3.32775	5596	233	117	533	24	76337	200	3.32432	6296	787	250	1799	8	76337	783	6529	816	266	1815	8	76321	799	0			0			17	76321	77120	31.83	250.41													
Recording3	Participant1	Timeline1	My Time of Interest 001	1	Screen Recording Recording3	Rectangle 5			r	2815	235	100	500	12	77170	250	"Rectangle 1,Rectangle 8,Rectangle 33,Rectangle 37"		3.32815	2698	245	100	500	11	77170	250	3.32677	3048	1016	500	1832	3	77170	1832	3148	1049	533	1882	3	77120	1882	0			0			9	77120	87479	250.41	120.78													
Recording3	Participant1	Timeline1	My Time of Interest 001	1	Screen Recording Recording3	Rectangle 6			r	1516	253	150	583	6	86364	583	"Rectangle 1,Rectangle 8,Rectangle 33,Rectangle 37"		3.29882	1516	253	150	583	6	86364	583	3.29882	1582	527	433	583	3	86364	583	1682	561	466	633	3	86314	633	0			0			3	86314	86946	136.8	42.49													
Recording3	Participant1	Timeline1	My Time of Interest 001	1	Screen Recording Recording3	Rectangle 7			r	45238	427	20	2681	106	114040	20	"Rectangle 1,Rectangle 8,Rectangle 33,Rectangle 37"		3.28611	38806	396	67	2681	98	114094	167	3.28548	50701	3621	117	15272	14	114040	13494	51334	3667	167	15289	14	114040	13494	0			0			81	128117	127534	212.24	213.67													
Recording3	Participant1	Timeline1	My Time of Interest 001	1	Screen Recording Recording3	Rectangle 8			r	24183	295	67	1316	82	127601	333	"Rectangle 1,Rectangle 8,Rectangle 33,Rectangle 37"		3.27584	24183	295	67	1316	82	127601	333	3.27584	26148	1743	133	4847	15	127601	516	26981	1799	200	4897	15	127534	583	0			0			67	127534	128117	213.67	212.24													
Recording3	Participant1	Timeline1	My Time of Interest 001	1	Screen Recording Recording3	Rectangle 9			r	5180	273	167	733	19	127601	333	"Rectangle 1,Rectangle 8,Rectangle 33,Rectangle 37"		3.25479	5180	273	167	733	19	127601	333	3.25479	5579	1395	516	2049	4	127601	516	5763	1441	583	2099	4	127534	583	0			0			15	127534	128117	213.67	212.24													
Recording3	Participant1	Timeline1	My Time of Interest 001	1	Screen Recording Recording3	Rectangle 10			r	2015	202	67	466	10	138360	133	"Rectangle 1,Rectangle 8,Rectangle 33,Rectangle 37"		3.283	2015	202	67	466	10	138360	133	3.283	2165	433	133	749	5	138360	283	2398	480	200	816	5	138326	316	0			0			5	138326	138643	70.12	113.42													
Recording3	Participant1	Timeline1	My Time of Interest 001	1	Screen Recording Recording3	Rectangle 11			r	7944	294	133	966	27	128900	200	"Rectangle 1,Rectangle 8,Rectangle 33,Rectangle 37"		3.25202	7944	294	133	966	27	128900	200	3.25202	8477	848	167	1982	10	128900	366	8860	886	183	1999	10	128850	416	0			0			17	128850	129266	289.1	48.14													
Recording3	Participant1	Timeline1	My Time of Interest 001	1	Screen Recording Recording3	Rectangle 12			r	5813	342	133	1316	17	131398	217	"Rectangle 1,Rectangle 8,Rectangle 33,Rectangle 37"		3.31631	5813	342	133	1316	17	131398	217	3.31631	6146	1024	167	2681	6	131398	217	6445	1074	233	2698	6	131315	300	0			0			11	131315	131615	427.94	30.88													
Recording3	Participant1	Timeline1	My Time of Interest 001	1	Screen Recording Recording3	Rectangle 13			r	2848	356	150	583	8	143739	150	"Rectangle 1,Rectangle 8,Rectangle 33,Rectangle 37"		3.28946	2848	356	150	583	8	143739	150	3.28946	2998	999	500	1266	3	143739	1266	3114	1038	566	1282	3	143723	1282	0			0			5	143723	145005	38.4	309.55													
Recording3	Participant1	Timeline1	My Time of Interest 001	1	Screen Recording Recording3	Rectangle 14			r	18988	279	67	1182	68	196000	119	"Rectangle 1,Rectangle 8,Rectangle 33,Rectangle 37"		3.27371	18870	282	67	1182	67	196135	333	3.27335	20471	682	83	3214	30	196000	1151	21920	731	100	3264	30	196000	1151	0			0			36	197584	197151	108.89	182.32													
Recording3	Participant1	Timeline1	My Time of Interest 001	1	Screen Recording Recording3	Rectangle 15			r	3547	209	133	350	17	202231	283	"Rectangle 1,Rectangle 8,Rectangle 33,Rectangle 37"		3.27543	3547	209	133	350	17	202231	283	3.27543	3847	550	150	1682	7	202231	749	4114	588	167	1749	7	202181	799	0			0			10	202181	202980	244.66	190.57													
Recording3	Participant1	Timeline1	My Time of Interest 001	1	Screen Recording Recording3	Rectangle 16			r	3847	202	83	633	19	206961	83	"Rectangle 1,Rectangle 8,Rectangle 33,Rectangle 37"		3.33397	3514	207	83	633	17	207394	133	3.32662	4180	464	83	1332	9	206961	566	4597	511	117	1366	9	206928	600	0			0			9	210408	207527	335.72	41.86													
Recording3	Participant1	Timeline1	My Time of Interest 001	1	Screen Recording Recording3	Rectangle 17			r	300	150	150	150	2	229795	150	"Rectangle 1,Rectangle 8,Rectangle 33,Rectangle 37"		3.29182	300	150	150	150	2	229795	150	3.29182	300	150	150	150	2	229795	150	333	167	167	167	2	229778	167	0			0			0	229778	229944	154.44	243.09													
Recording3	Participant1	Timeline1	My Time of Interest 001	1	Screen Recording Recording3	Rectangle 18			r	1399	233	150	350	6	214639	183	"Rectangle 1,Rectangle 8,Rectangle 33,Rectangle 37"		3.34738	1399	233	150	350	6	214639	183	3.34738	1449	362	183	700	4	214639	183	1599	400	233	733	4	214589	233	0			0			2	214589	214822	102.15	71.95													
Recording3	Participant1	Timeline1	My Time of Interest 001	1	Screen Recording Recording3	Rectangle 19			r	1249	208	150	283	6	202231	283	"Rectangle 1,Rectangle 8,Rectangle 33,Rectangle 37"		3.22449	1249	208	150	283	6	202231	283	3.22449	1266	253	150	450	5	202231	450	1466	293	183	500	5	202181	500	0			0			1	202181	202681	244.66	78.51													
Recording3	Participant1	Timeline1	My Time of Interest 001	1	Screen Recording Recording3	Rectangle 20			r	383	192	133	250	2	202731	250	"Rectangle 1,Rectangle 8,Rectangle 33,Rectangle 37"		3.14301	383	192	133	250	2	202731	250	3.14301	383	192	133	250	2	202731	250	450	225	150	300	2	202681	300	0			0			0	202681	202980	78.51	190.57													
Recording3	Participant1	Timeline1	My Time of Interest 001	1	Screen Recording Recording3	Rectangle 21			r	433	217	167	266	2	213490	266	"Rectangle 1,Rectangle 8,Rectangle 33,Rectangle 37"		3.31936	433	217	167	266	2	213490	266	3.31936	433	217	167	266	2	213490	266	516	258	233	283	2	213473	283	0			0			0	213989	213756	236.02	494.8													
Recording3	Participant1	Timeline1	My Time of Interest 001	1	Screen Recording Recording3	Rectangle 22			r	3398	212	67	466	16	197434	150	"Rectangle 1,Rectangle 8,Rectangle 33,Rectangle 37"		3.23552	3398	212	67	466	16	197434	150	3.23552	3631	454	150	1049	8	197434	150	3881	485	167	1099	8	197418	167	0			0			8	200849	197584	172.5	108.89													
Recording3	Participant1	Timeline1	My Time of Interest 001	1	Screen Recording Recording3	Rectangle 23			r	8194	221	67	583	37	197201	167	"Rectangle 1,Rectangle 8,Rectangle 33,Rectangle 37"		3.24454	8094	225	67	583	36	197201	167	3.24425	9110	536	150	1965	17	197201	167	9760	574	200	1999	17	197151	217	0			0			19	197151	205645	182.32	433.63													
Recording3	Participant1	Timeline1	My Time of Interest 001	1	Screen Recording Recording3	Rectangle 24			r	8344	278	83	533	30	207560	383	"Rectangle 1,Rectangle 8,Rectangle 33,Rectangle 37"		3.28683	8344	278	83	533	30	207560	383	3.28683	8810	489	183	899	18	207560	749	9493	527	233	933	18	207527	783	0			0			11	207527	208310	41.86	136.42													
Recording3	Participant1	Timeline1	My Time of Interest 001	1	Screen Recording Recording3	Rectangle 25			r	42806	289	67	1649	148	255400	93	"Rectangle 1,Rectangle 8,Rectangle 33,Rectangle 37"		3.44608	42570	292	67	1649	146	255526	217	3.44576	48069	3434	144	9143	14	255400	1908	48719	3480	211	9177	14	255400	1908	0			0			130	257641	257308	370.59	296.2													
Recording3	Participant1	Timeline1	My Time of Interest 001	1	Screen Recording Recording3	Rectangle 26			r	9060	324	100	883	28	268034	583	"Rectangle 1,Rectangle 8,Rectangle 33,Rectangle 37"		3.4196	9060	324	100	883	28	268034	583	3.4196	9510	865	316	2132	11	268034	583	10076	916	383	2198	11	267967	650	0			0			17	267967	268617	134.02	190.03													
Recording3	Participant1	Timeline1	My Time of Interest 001	1	Screen Recording Recording3	Rectangle 27			r	183	183	183	183	1	304791	183	"Rectangle 1,Rectangle 8,Rectangle 33,Rectangle 37"		3.41522	183	183	183	183	1	304791	183	3.41522	183	183	183	183	1	304791	183	233	233	233	233	1	304741	233	0			0			0	304741	304974	189.99	35.86													
Recording3	Participant1	Timeline1	My Time of Interest 001	1	Screen Recording Recording3	Rectangle 28			r	3597	514	133	883	7	268034	583	"Rectangle 1,Rectangle 8,Rectangle 33,Rectangle 37"		3.38613	3597	514	133	883	7	268034	583	3.38613	3614	602	217	883	6	268034	583	3947	658	283	916	6	267967	650	0			0			1	267967	268617	134.02	190.03													
Recording3	Participant1	Timeline1	My Time of Interest 001	1	Screen Recording Recording3	Rectangle 29			r	2265	324	167	550	7	291367	266	"Rectangle 1,Rectangle 8,Rectangle 33,Rectangle 37"		3.4127	2265	324	167	550	7	291367	266	3.4127	2432	1216	933	1499	2	291367	933	2498	1249	983	1516	2	291317	983	0			0			5	291317	292300	532.58	182.18													
Recording3	Participant1	Timeline1	My Time of Interest 001	1	Screen Recording Recording3	Rectangle 30			r	999	250	167	416	4	288486	233	"Rectangle 1,Rectangle 8,Rectangle 33,Rectangle 37"		3.40606	999	250	167	416	4	288486	233	3.40606	1033	344	233	416	3	288486	233	1099	366	250	450	3	288469	250	0			0			1	288469	288719	343.98	33.13													
Recording3	Participant1	Timeline1	My Time of Interest 001	1	Screen Recording Recording3	Rectangle 31			r	2015	224	100	416	9	305457	250	"Rectangle 1,Rectangle 8,Rectangle 33,Rectangle 37"		3.4942	2015	224	100	416	9	305457	250	3.4942	2132	533	316	816	4	305457	583	2298	575	383	849	4	305424	616	0			0			5	305424	306040	38.06	341.51													
Recording3	Participant1	Timeline1	My Time of Interest 001	1	Screen Recording Recording3	Rectangle 32			r	26339	248	24	1133	106	318840	24	"Rectangle 1,Rectangle 8,Rectangle 33,Rectangle 37"		3.18347	25998	252	67	1133	103	318914	183	3.18335	30103	1115	150	5113	27	318840	3439	31269	1158	167	5163	27	318840	3439	0			0			72	323728	326143	125.68	258.22													
Recording3	Participant1	Timeline1	My Time of Interest 001	1	Screen Recording Recording3	Rectangle 33			r	28829	294	83	1332	98	322329	250	"Rectangle 1,Rectangle 8,Rectangle 33,Rectangle 37"		3.16472	28829	294	83	1332	98	322329	250	3.16472	31061	1109	200	8294	28	322329	1399	32294	1153	266	8311	28	322312	1416	0			0			68	326143	323728	258.22	125.68													
Recording3	Participant1	Timeline1	My Time of Interest 001	1	Screen Recording Recording3	Rectangle 34			r	8044	309	83	1083	26	322329	250	"Rectangle 1,Rectangle 8,Rectangle 33,Rectangle 37"		3.19031	8044	309	83	1083	26	322329	250	3.19031	8527	853	83	3148	10	322329	550	8794	879	100	3181	10	322312	566	0			0			16	343014	344529	39.18	44.31													
Recording3	Participant1	Timeline1	My Time of Interest 001	1	Screen Recording Recording3	Rectangle 35			r	7311	271	133	683	27	322928	200	"Rectangle 1,Rectangle 8,Rectangle 33,Rectangle 37"		3.13641	7311	271	133	683	27	322928	200	3.13641	7595	422	133	1049	18	322928	666	8327	463	183	1099	18	322911	683	0			0			9	326143	323594	258.22	85.73													
Recording3	Participant1	Timeline1	My Time of Interest 001	1	Screen Recording Recording3	Rectangle 36			r	3348	478	200	1332	7	327941	433	"Rectangle 1,Rectangle 8,Rectangle 33,Rectangle 37"		3.18201	3348	478	200	1332	7	327941	433	3.18201	3364	561	200	1332	6	327941	433	3581	597	266	1382	6	327925	450	0			0			1	327925	328374	35.43	292.74													
Recording3	Participant1	Timeline1	My Time of Interest 001	1	Screen Recording Recording3	Rectangle 37			r	4414	294	117	966	15	329274	966	"Rectangle 1,Rectangle 8,Rectangle 33,Rectangle 37"		3.13709	4414	294	117	966	15	329274	966	3.13709	4680	669	233	1366	7	329274	1366	4897	700	250	1416	7	329224	1416	0			0			8	329224	340332	137.34	355.77													
Recording3	Participant1	Timeline1	My Time of Interest 001	1	Screen Recording Recording3	Rectangle 38			r	3547	187	83	300	19	331256	250	"Rectangle 1,Rectangle 8,Rectangle 33,Rectangle 37"		3.13161	3547	187	83	300	19	331256	250	3.13161	4030	672	350	949	6	331256	899	4347	724	400	999	6	331189	966	0			0			12	331189	332155	269.21	264.12													
Recording6	Participant2	Timeline1	My Time of Interest 001	1	Screen Recording Recording6	Rectangle			5	12238	235	100	483	52	34960	228	"Rectangle 15,Rectangle 26,Rectangle 33,Rectangle 38"		3.2555	11892	238	100	483	50	35238	200	3.25476	13620	757	118	5091	18	34960	5091	14319	796	168	5091	18	34960	5091	0			0			31	40285	40051	44.06	51.44													
Recording6	Participant2	Timeline1	My Time of Interest 001	1	Screen Recording Recording6	Rectangle 1			5	21268	247	67	899	86	47763	150	"Rectangle 15,Rectangle 26,Rectangle 33,Rectangle 38"		3.15869	21268	247	67	899	86	47763	150	3.15869	24433	1437	83	5496	17	47763	150	25099	1476	150	5513	17	47696	217	0			0			63	48279	47913	36.16	74.67													
Recording6	Participant2	Timeline1	My Time of Interest 001	1	Screen Recording Recording6	Rectangle 2			5	13407	274	83	899	49	47763	150	"Rectangle 15,Rectangle 26,Rectangle 33,Rectangle 38"		3.13917	13407	274	83	899	49	47763	150	3.13917	14706	774	100	3714	19	47763	150	15456	813	133	3731	19	47696	217	0			0			27	48279	47913	36.16	74.67													
Recording6	Participant2	Timeline1	My Time of Interest 001	1	Screen Recording Recording6	Rectangle 3			5	4047	225	83	366	18	61186	200	"Rectangle 15,Rectangle 26,Rectangle 33,Rectangle 38"		3.18154	4047	225	83	366	18	61186	200	3.18154	4347	483	83	2099	9	61186	2099	4747	527	150	2132	9	61153	2132	0			0			9	61153	63285	76.26	77.93													
Recording6	Participant2	Timeline1	My Time of Interest 001	1	Screen Recording Recording6	Rectangle 4			5	916	153	67	217	6	60287	200	"Rectangle 15,Rectangle 26,Rectangle 33,Rectangle 38"		3.19325	916	153	67	217	6	60287	200	3.19325	966	193	67	450	5	60287	200	1083	217	83	483	5	60270	217	0			0			1	80339	60487	57.53	228.63													
Recording6	Participant2	Timeline1	My Time of Interest 001	1	Screen Recording Recording6	Rectangle 5			5	849	212	83	433	4	78557	150	"Rectangle 15,Rectangle 26,Rectangle 33,Rectangle 38"		3.23188	849	212	83	433	4	78557	150	3.23188	899	300	150	433	3	78557	150	1016	339	217	466	3	78491	217	0			0			1	78491	82205	394.51	84.97													
Recording6	Participant2	Timeline1	My Time of Interest 001	1	Screen Recording Recording6	Rectangle 6			5	899	225	133	366	4	83537	366	"Rectangle 15,Rectangle 26,Rectangle 33,Rectangle 38"		3.24341	899	225	133	366	4	83537	366	3.24341	983	491	150	833	2	83537	833	1083	541	200	883	2	83487	883	0			0			2	83487	84370	62.25	382.43													
Recording6	Participant2	Timeline1	My Time of Interest 001	1	Screen Recording Recording6	Rectangle 7			5	49140	354	75	2232	139	90840	75	"Rectangle 15,Rectangle 26,Rectangle 33,Rectangle 38"		3.1154	49065	356	83	2232	138	90965	167	3.11544	53870	3169	83	20469	17	90840	608	54670	3216	100	20519	17	90840	608	0			0			112	92248	108836	115.16	101.19													
Recording6	Participant2	Timeline1	My Time of Interest 001	1	Screen Recording Recording6	Rectangle 8			5	24266	253	67	833	96	91615	350	"Rectangle 15,Rectangle 26,Rectangle 33,Rectangle 38"		3.04398	24266	253	67	833	96	91615	350	3.04398	27580	1724	300	5296	16	91615	633	28496	1781	333	5380	16	91548	700	0			0			74	108836	92248	101.19	115.16													
Recording6	Participant2	Timeline1	My Time of Interest 001	1	Screen Recording Recording6	Rectangle 9			5	4863	232	67	583	21	91615	350	"Rectangle 15,Rectangle 26,Rectangle 33,Rectangle 38"		3.08331	4863	232	67	583	21	91615	350	3.08331	5330	592	133	1199	9	91615	633	5779	642	167	1266	9	91548	700	0			0			11	108836	92248	101.19	115.16													
Recording6	Participant2	Timeline1	My Time of Interest 001	1	Screen Recording Recording6	Rectangle 10			5	4880	271	83	650	18	133585	500	"Rectangle 15,Rectangle 26,Rectangle 33,Rectangle 38"		3.05833	4880	271	83	650	18	133585	500	3.05833	5146	515	83	1682	10	133585	500	5563	556	100	1715	10	133552	533	0			0			8	133552	134084	37.21	143.94													
Recording6	Participant2	Timeline1	My Time of Interest 001	1	Screen Recording Recording6	Rectangle 11			5	7478	249	100	700	30	139914	183	"Rectangle 15,Rectangle 26,Rectangle 33,Rectangle 38"		3.03039	7478	249	100	700	30	139914	183	3.03039	7994	666	150	2498	12	139914	2498	8444	704	200	2515	12	139897	2515	0			0			18	139897	142412	35.25	38.99													
Recording6	Participant2	Timeline1	My Time of Interest 001	1	Screen Recording Recording6	Rectangle 12			5	3764	269	83	683	14	147275	583	"Rectangle 15,Rectangle 26,Rectangle 33,Rectangle 38"		2.99674	3764	269	83	683	14	147275	583	2.99674	4080	816	83	1832	5	147275	583	4297	859	167	1849	5	147225	633	0			0			8	147225	147858	317.69	60.23													
Recording6	Participant2	Timeline1	My Time of Interest 001	1	Screen Recording Recording6	Rectangle 13			5	733	183	183	183	4	157551	183	"Rectangle 15,Rectangle 26,Rectangle 33,Rectangle 38"		2.96828	733	183	183	183	4	157551	183	2.96828	816	816	816	816	1	157551	816	849	849	849	849	1	157518	849	0			0			3	157518	158367	39.41	271.07													
Recording6	Participant2	Timeline1	My Time of Interest 001	1	Screen Recording Recording6	Rectangle 14			5	8827	294	100	1316	30	178286	183	"Rectangle 15,Rectangle 26,Rectangle 33,Rectangle 38"		3.1318	8827	294	100	1316	30	178286	183	3.1318	9760	976	416	2115	10	178286	416	10159	1016	450	2165	10	178253	450	0			0			16	180235	178703	89.54	326.57													
Recording6	Participant2	Timeline1	My Time of Interest 001	1	Screen Recording Recording6	Rectangle 15			5	5230	349	117	600	15	215593	433	"Rectangle 15,Rectangle 26,Rectangle 33,Rectangle 38"		3.10474	5230	349	117	600	15	215593	433	3.10474	5629	1407	117	4830	4	215593	4830	5763	1441	150	4880	4	215543	4880	0			0			11	215543	220423	115.82	154.55													
Recording6	Participant2	Timeline1	My Time of Interest 001	1	Screen Recording Recording6	Rectangle 16			5	8944	256	83	583	35	197872	100	"Rectangle 15,Rectangle 26,Rectangle 33,Rectangle 38"		3.02697	8944	256	83	583	35	197872	100	3.02697	10043	837	167	3198	12	197872	233	10559	880	200	3231	12	197822	283	0			0			19	197822	198106	70.94	114.1													
Recording6	Participant2	Timeline1	My Time of Interest 001	1	Screen Recording Recording6	Rectangle 17			5	0				0			"Rectangle 15,Rectangle 26,Rectangle 33,Rectangle 38"			0				0				0				0			0				0			0			0			0																	
Recording6	Participant2	Timeline1	My Time of Interest 001	1	Screen Recording Recording6	Rectangle 18			5	1249	312	233	433	4	217175	266	"Rectangle 15,Rectangle 26,Rectangle 33,Rectangle 38"		3.15128	1249	312	233	433	4	217175	266	3.15128	1249	312	233	433	4	217175	266	1382	346	266	450	4	217142	300	0			0			0	217142	217442	96.29	155.77													
Recording6	Participant2	Timeline1	My Time of Interest 001	1	Screen Recording Recording6	Rectangle 19			5	2948	328	117	500	9	216692	450	"Rectangle 15,Rectangle 26,Rectangle 33,Rectangle 38"		3.11282	2948	328	117	500	9	216692	450	3.11282	3048	508	117	799	6	216692	450	3264	544	150	849	6	216659	483	0			0			3	216659	217142	94.22	96.29													
Recording6	Participant2	Timeline1	My Time of Interest 001	1	Screen Recording Recording6	Rectangle 20			5	433	433	433	433	1	215593	433	"Rectangle 15,Rectangle 26,Rectangle 33,Rectangle 38"		3.02283	433	433	433	433	1	215593	433	3.02283	433	433	433	433	1	215593	433	483	483	483	483	1	215543	483	0			0			0	215543	216026	115.82	138.34													
Recording6	Participant2	Timeline1	My Time of Interest 001	1	Screen Recording Recording6	Rectangle 21			5	0				0			"Rectangle 15,Rectangle 26,Rectangle 33,Rectangle 38"			0				0				0				0			0				0			0			0			0																	
Recording6	Participant2	Timeline1	My Time of Interest 001	1	Screen Recording Recording6	Rectangle 22			5	200	200	200	200	1	177620	200	"Rectangle 15,Rectangle 26,Rectangle 33,Rectangle 38"		3.15037	200	200	200	200	1	177620	200	3.15037	200	200	200	200	1	177620	200	250	250	250	250	1	177570	250	0			0			0	177570		108.67														
Recording6	Participant2	Timeline1	My Time of Interest 001	1	Screen Recording Recording6	Rectangle 23			5	6844	214	32	483	32	178769	400	"Rectangle 15,Rectangle 26,Rectangle 33,Rectangle 38"		3.12465	6745	225	100	483	30	178769	400	3.12488	7693	641	32	1915	12	178769	783	8176	681	67	1932	12	178703	849	0			0			19	178703	179552	326.57	109.23													
Recording6	Participant2	Timeline1	My Time of Interest 001	1	Screen Recording Recording6	Rectangle 24			5	13690	228	50	716	60	177520	50	"Rectangle 15,Rectangle 26,Rectangle 33,Rectangle 38"		3.06359	13640	231	100	716	59	193709	200	3.06305	14940	786	50	2498	19	177520	50	15722	827	50	2532	19	177520	50	0			0			41	193675	177570	59.64	108.67													
Recording6	Participant2	Timeline1	My Time of Interest 001	1	Screen Recording Recording6	Rectangle 25			5	38749	362	83	1499	107	243680	176	"Rectangle 15,Rectangle 26,Rectangle 33,Rectangle 38"		3.31678	38573	364	83	1499	106	243890	150	3.3171	42646	2665	217	13574	16	243680	543	43412	2713	266	13590	16	243680	543	0			0			82	244556	244223	120.87	69.02													
Recording6	Participant2	Timeline1	My Time of Interest 001	1	Screen Recording Recording6	Rectangle 26			5	17721	432	83	1499	41	269505	700	"Rectangle 15,Rectangle 26,Rectangle 33,Rectangle 38"		3.24713	17721	432	83	1499	41	269505	700	3.24713	18637	1553	383	5896	12	269505	700	19120	1593	433	5946	12	269471	733	0			0			28	269471	270204	31.62	134.88													
Recording6	Participant2	Timeline1	My Time of Interest 001	1	Screen Recording Recording6	Rectangle 27			5	2465	616	366	999	4	269505	700	"Rectangle 15,Rectangle 26,Rectangle 33,Rectangle 38"		3.22726	2465	616	366	999	4	269505	700	3.22726	2465	616	366	999	4	269505	700	2615	654	416	1033	4	269471	733	0			0			0	269471	270204	31.62	134.88													
Recording6	Participant2	Timeline1	My Time of Interest 001	1	Screen Recording Recording6	Rectangle 28			5	7661	403	133	1499	19	275201	217	"Rectangle 15,Rectangle 26,Rectangle 33,Rectangle 38"		3.25217	7661	403	133	1499	19	275201	217	3.25217	8144	1163	383	2115	7	275201	1665	8394	1199	433	2165	7	275184	1682	0			0			11	275184	276866	32.28	163.92													
Recording6	Participant2	Timeline1	My Time of Interest 001	1	Screen Recording Recording6	Rectangle 29			5	1366	273	83	500	5	286942	366	"Rectangle 15,Rectangle 26,Rectangle 33,Rectangle 38"		3.3057	1366	273	83	500	5	286942	366	3.3057	1399	466	366	533	3	286942	533	1532	511	400	583	3	286892	583	0			0			2	286892	287475	350.39	236.75													
Recording6	Participant2	Timeline1	My Time of Interest 001	1	Screen Recording Recording6	Rectangle 30			5	3597	514	133	1232	7	290440	700	"Rectangle 15,Rectangle 26,Rectangle 33,Rectangle 38"		3.19608	3597	514	133	1232	7	290440	700	3.19608	3714	1238	350	2765	3	290440	2765	3814	1271	383	2798	3	290407	2798	0			0			4	290407	293205	57.01	65													
Recording6	Participant2	Timeline1	My Time of Interest 001	1	Screen Recording Recording6	Rectangle 31			5	2631	439	167	633	6	294004	633	"Rectangle 15,Rectangle 26,Rectangle 33,Rectangle 38"		3.29046	2631	439	167	633	6	294004	633	3.29046	2681	894	500	1166	3	294004	1166	2765	922	516	1182	3	293987	1182	0			0			3	293987	295170	37.2	92.08													
Recording6	Participant2	Timeline1	My Time of Interest 001	1	Screen Recording Recording6	Rectangle 32			5	25199	225	83	1016	112	312574	316	"Rectangle 15,Rectangle 26,Rectangle 33,Rectangle 38"		3.02419	25199	225	83	1016	112	312574	316	3.02419	29379	1224	83	8028	24	312574	8028	30562	1273	133	8044	24	312557	8044	0			0			78	312557	325715	33.07	157.14													
Recording6	Participant2	Timeline1	My Time of Interest 001	1	Screen Recording Recording6	Rectangle 33			5	38506	220	67	916	175	320702	516	"Rectangle 15,Rectangle 26,Rectangle 33,Rectangle 38"		2.9783	38506	220	67	916	175	320702	516	2.9783	45667	1986	100	5213	23	320702	2265	46867	2038	183	5263	23	320685	2282	0			0			136	325715	322967	157.14	268.4													
Recording6	Participant2	Timeline1	My Time of Interest 001	1	Screen Recording Recording6	Rectangle 34			5	5363	255	83	749	21	320702	516	"Rectangle 15,Rectangle 26,Rectangle 33,Rectangle 38"		2.88085	5363	255	83	749	21	320702	516	2.88085	5629	469	117	2265	12	320702	2265	6196	516	183	2282	12	320685	2282	0			0			9	323600	322967	76.68	268.4													
Recording6	Participant2	Timeline1	My Time of Interest 001	1	Screen Recording Recording6	Rectangle 35			5	8294	224	67	683	37	333592	200	"Rectangle 15,Rectangle 26,Rectangle 33,Rectangle 38"		2.98767	8294	224	67	683	37	333592	200	2.98767	9177	574	83	1932	16	333592	1932	9810	613	100	1965	16	333559	1965	0			0			19	333559	335524	44.07	109.77													
Recording6	Participant2	Timeline1	My Time of Interest 001	1	Screen Recording Recording6	Rectangle 36			5	8461	223	67	916	38	333193	100	"Rectangle 15,Rectangle 26,Rectangle 33,Rectangle 38"		2.98037	8461	223	67	916	38	333193	100	2.98037	9377	521	100	2215	18	333193	100	10126	563	117	2232	18	333176	117	0			0			16	337706	333293	64.28	83.84													
Recording6	Participant2	Timeline1	My Time of Interest 001	1	Screen Recording Recording6	Rectangle 37			5	7645	207	67	466	37	337623	83	"Rectangle 15,Rectangle 26,Rectangle 33,Rectangle 38"		2.99585	7645	207	67	466	37	337623	83	2.99585	8061	366	67	1182	22	337623	83	8810	400	83	1199	22	337606	100	0			0			15	344368	337706	90.19	64.28													
Recording6	Participant2	Timeline1	My Time of Interest 001	1	Screen Recording Recording6	Rectangle 38			5	3914	206	67	633	19	351163	150	"Rectangle 15,Rectangle 26,Rectangle 33,Rectangle 38"		3.05088	3914	206	67	633	19	351163	150	3.05088	4330	541	67	1999	8	351163	150	4663	583	83	2049	8	351130	183	0			0			11	351130	351313	49.61	88.2													
Recording18	Participant5	Timeline1	My Time of Interest 001	1	Screen Recording Recording18	Rectangle			Tab	50363	241	66	999	209	96960	66	"Rectangle 8,Rectangle 15,Rectangle 26,Rectangle 32"		3.20665	47350	244	67	999	194	97409	117	3.20991	58791	2352	150	22367	25	96960	565	59757	2390	183	22417	25	96960	565	0			0			162	99157	97525	127.86	324.48													
Recording18	Participant5	Timeline1	My Time of Interest 001	1	Screen Recording Recording18	Rectangle 1			Tab	54252	252	67	1049	215	121625	167	"Rectangle 8,Rectangle 15,Rectangle 26,Rectangle 32"		3.21948	52363	254	67	1049	206	121625	167	3.21658	63226	2108	124	13291	30	121625	1199	64192	2140	157	13307	30	121575	1249	2	231902	110278	2	231902	110278	166	121575	122824	333.43	88.49													
Recording18	Participant5	Timeline1	My Time of Interest 001	1	Screen Recording Recording18	Rectangle 2			Tab	11209	255	67	650	44	121625	167	"Rectangle 8,Rectangle 15,Rectangle 26,Rectangle 32"		3.23047	11209	255	67	650	44	121625	167	3.23047	12041	573	150	1332	21	121625	483	12841	611	200	1366	21	121575	533	0			0			22	121575	122108	333.43	89.55													
Recording18	Participant5	Timeline1	My Time of Interest 001	1	Screen Recording Recording18	Rectangle 3			Tab	9543	245	83	650	39	128370	133	"Rectangle 8,Rectangle 15,Rectangle 26,Rectangle 32"		3.20548	8894	247	100	650	36	128370	133	3.21621	10060	479	150	2015	21	128370	466	10642	507	167	2032	21	128353	483	2	231902	103532	2	231902	103532	18	128353	128836	533.9	104.71													
Recording18	Participant5	Timeline1	My Time of Interest 001	1	Screen Recording Recording18	Rectangle 4			Tab	11991	245	67	650	49	132351	167	"Rectangle 8,Rectangle 15,Rectangle 26,Rectangle 32"		3.21059	11642	243	67	650	48	132351	167	3.20573	13374	955	67	3214	14	132351	167	13807	986	83	3248	14	132317	200	0			0			33	132317	132517	76.88	44.57													
Recording18	Participant5	Timeline1	My Time of Interest 001	1	Screen Recording Recording18	Rectangle 5			Tab	8627	233	67	516	37	122124	466	"Rectangle 8,Rectangle 15,Rectangle 26,Rectangle 32"		3.21106	8461	235	67	516	36	122124	466	3.20327	9776	466	67	2115	21	122124	700	10393	495	133	2148	21	122108	716	0			0			12	122108	122824	89.55	88.49													
Recording18	Participant5	Timeline1	My Time of Interest 001	1	Screen Recording Recording18	Rectangle 6			Tab	11658	299	100	1049	39	143354	416	"Rectangle 8,Rectangle 15,Rectangle 26,Rectangle 32"		3.23683	11059	307	100	1049	36	143354	416	3.22653	12974	811	183	2748	16	143354	416	13374	836	200	2765	16	143338	433	0			0			19	143338	143771	32.7	50.86													
Recording18	Participant5	Timeline1	My Time of Interest 001	1	Screen Recording Recording18	Rectangle 7			Tab	21651	394	67	1632	55	240835	83	"Rectangle 8,Rectangle 15,Rectangle 26,Rectangle 32"		3.16602	20752	407	67	1632	51	240835	83	3.16576	23850	3975	83	18337	6	240835	83	24116	4019	117	18370	6	240802	117	0			0			41	241102	240918	123.06	181.6													
Recording18	Participant5	Timeline1	My Time of Interest 001	1	Screen Recording Recording18	Rectangle 8			Tab	14124	262	51	916	54	245032	150	"Rectangle 8,Rectangle 15,Rectangle 26,Rectangle 32"		3.15978	12441	259	67	916	48	245032	150	3.16104	15757	2626	51	6162	6	245032	150	15973	2662	84	6212	6	244999	183	0			0			42	244999	245182	360.92	257.28													
Recording18	Participant5	Timeline1	My Time of Interest 001	1	Screen Recording Recording18	Rectangle 9			Tab	4663	291	133	916	16	245032	150	"Rectangle 8,Rectangle 15,Rectangle 26,Rectangle 32"		3.18674	4663	291	133	916	16	245032	150	3.18674	4963	827	150	2165	6	245032	150	5180	863	183	2215	6	244999	183	0			0			9	244999	245182	360.92	257.28													
Recording18	Participant5	Timeline1	My Time of Interest 001	1	Screen Recording Recording18	Rectangle 10			Tab	2215	222	67	500	10	265518	416	"Rectangle 8,Rectangle 15,Rectangle 26,Rectangle 32"		3.15092	2215	222	67	500	10	265518	416	3.15092	2415	604	167	799	4	265518	666	2532	633	200	833	4	265501	683	0			0			6	265501	266184	33.6	42.82													
Recording18	Participant5	Timeline1	My Time of Interest 001	1	Screen Recording Recording18	Rectangle 11			Tab	3299	275	51	566	12	265284	217	"Rectangle 8,Rectangle 15,Rectangle 26,Rectangle 32"		3.11225	2681	268	133	383	10	265284	217	3.1228	3415	488	51	1033	7	265284	217	3565	509	84	1066	7	265268	233	0			0			5	265268	265501	34.74	33.6													
Recording18	Participant5	Timeline1	My Time of Interest 001	1	Screen Recording Recording18	Rectangle 12			Tab	3381	282	100	483	12	265051	217	"Rectangle 8,Rectangle 15,Rectangle 26,Rectangle 32"		3.18798	2432	270	100	450	9	265051	217	3.17562	3631	726	100	2382	5	265051	217	3764	753	117	2415	5	265001	266	0			0			5	265001	265268	261.25	34.74													
Recording18	Participant5	Timeline1	My Time of Interest 001	1	Screen Recording Recording18	Rectangle 13			Tab	2298	287	100	483	8	276210	300	"Rectangle 8,Rectangle 15,Rectangle 26,Rectangle 32"		3.20585	1232	308	200	450	4	276210	300	3.21172	2515	2515	2515	2515	1	276210	2515	2548	2548	2548	2548	1	276177	2548	0			0			4	276177	278725	52.84	83.14													
Recording18	Participant5	Timeline1	My Time of Interest 001	1	Screen Recording Recording18	Rectangle 14			Tab	23158	368	7	1399	63	284480	7	"Rectangle 8,Rectangle 15,Rectangle 26,Rectangle 32"		3.12834	23000	383	117	1399	60	284537	167	3.1284	25106	1793	383	8860	14	284480	1340	25756	1840	450	8910	14	284480	1340	0			0			42	286169	285820	244.56	222.36													
Recording18	Participant5	Timeline1	My Time of Interest 001	1	Screen Recording Recording18	Rectangle 15			Tab	1965	218	117	433	9	323743	150	"Rectangle 8,Rectangle 15,Rectangle 26,Rectangle 32"		3.2451	1965	218	117	433	9	323743	150	3.2451	2248	562	150	1166	4	323743	150	2332	583	183	1182	4	323709	183	0			0			3	323709	323893	224.45	120.89													
Recording18	Participant5	Timeline1	My Time of Interest 001	1	Screen Recording Recording18	Rectangle 16			Tab	6545	198	67	550	33	304506	150	"Rectangle 8,Rectangle 15,Rectangle 26,Rectangle 32"		3.15029	6345	198	67	550	32	304506	150	3.15647	7378	615	83	2015	12	304506	150	7761	647	100	2032	12	304456	200	0			0			17	304456	304656	59.17	47.15													
Recording18	Participant5	Timeline1	My Time of Interest 001	1	Screen Recording Recording18	Rectangle 17			Tab	616	308	183	433	2	333119	433	"Rectangle 8,Rectangle 15,Rectangle 26,Rectangle 32"		3.20656	616	308	183	433	2	333119	433	3.20656	616	308	183	433	2	333119	433	650	325	200	450	2	333103	450	0			0			0	349808	350007	51.72	95.99													
Recording18	Participant5	Timeline1	My Time of Interest 001	1	Screen Recording Recording18	Rectangle 18			Tab	566	283	233	333	2	350041	333	"Rectangle 8,Rectangle 15,Rectangle 26,Rectangle 32"		3.3055	566	283	233	333	2	350041	333	3.3055	566	283	233	333	2	350041	333	633	316	266	366	2	350007	366	0			0			0	350007	350990	95.99	40.82													
Recording18	Participant5	Timeline1	My Time of Interest 001	1	Screen Recording Recording18	Rectangle 19			Tab	183	183	183	183	1	350440	183	"Rectangle 8,Rectangle 15,Rectangle 26,Rectangle 32"		3.30057	183	183	183	183	1	350440	183	3.30057	183	183	183	183	1	350440	183	200	200	200	200	1	350424	200	0			0			0																	
Recording18	Participant5	Timeline1	My Time of Interest 001	1	Screen Recording Recording18	Rectangle 20			Tab	217	217	217	217	1	349075	217	"Rectangle 8,Rectangle 15,Rectangle 26,Rectangle 32"		3.22605	217	217	217	217	1	349075	217	3.22605	217	217	217	217	1	349075	217	233	233	233	233	1	349058	233	0			0			0		349291		44.91													
Recording18	Participant5	Timeline1	My Time of Interest 001	1	Screen Recording Recording18	Rectangle 21			Tab	383	128	117	150	3	323743	150	"Rectangle 8,Rectangle 15,Rectangle 26,Rectangle 32"		3.20204	383	128	117	150	3	323743	150	3.20204	400	200	150	250	2	323743	150	466	233	183	283	2	323709	183	0			0			1	323709	323893	224.45	120.89													
Recording18	Participant5	Timeline1	My Time of Interest 001	1	Screen Recording Recording18	Rectangle 22			Tab	3264	181	67	450	18	295096	183	"Rectangle 8,Rectangle 15,Rectangle 26,Rectangle 32"		3.16828	3064	192	67	450	16	295096	183	3.17243	3531	353	83	733	10	295096	183	3797	380	117	766	10	295080	200	0			0			7	295080	295280	330.17	48.17													
Recording18	Participant5	Timeline1	My Time of Interest 001	1	Screen Recording Recording18	Rectangle 23			Tab	8594	277	83	716	31	300626	183	"Rectangle 8,Rectangle 15,Rectangle 26,Rectangle 32"		3.10221	8594	277	83	716	31	300626	183	3.10221	8960	597	83	1249	15	300626	1249	9460	631	100	1299	15	300576	1299	0			0			16	300576	301875	328.09	222.18													
Recording18	Participant5	Timeline1	My Time of Interest 001	1	Screen Recording Recording18	Rectangle 24			Tab	11991	266	67	833	45	285870	117	"Rectangle 8,Rectangle 15,Rectangle 26,Rectangle 32"		3.08057	11375	265	67	833	43	285870	117	3.0849	13640	909	133	2565	15	285870	300	14173	945	150	2581	15	285820	350	0			0			25	285820	286169	222.36	244.56													
Recording18	Participant5	Timeline1	My Time of Interest 001	1	Screen Recording Recording18	Rectangle 25			Tab	56450	328	57	1349	172	355080	57	"Rectangle 8,Rectangle 15,Rectangle 26,Rectangle 32"		3.22925	52096	326	67	1349	160	355837	749	3.22935	64361	4023	57	21685	16	355080	57	65028	4064	57	21735	16	355080	57	0			0			132	355803	355137	197.49	161.9													
Recording18	Participant5	Timeline1	My Time of Interest 001	1	Screen Recording Recording18	Rectangle 26			Tab	16467	336	29	1682	49	356669	167	"Rectangle 8,Rectangle 15,Rectangle 26,Rectangle 32"		3.215	16039	356	67	1682	45	356669	167	3.21696	18116	1394	167	4963	13	356669	167	18532	1426	250	4996	13	356586	250	0			0			31	356586	356836	195.51	387.58													
Recording18	Participant5	Timeline1	My Time of Interest 001	1	Screen Recording Recording18	Rectangle 27			Tab	2532	506	117	949	5	379153	949	"Rectangle 8,Rectangle 15,Rectangle 26,Rectangle 32"		3.24414	2532	506	117	949	5	379153	949	3.24414	2532	506	117	949	5	379153	949	2631	526	133	983	5	379120	983	0			0			0	379120	380103	88.57	310.73													
Recording18	Participant5	Timeline1	My Time of Interest 001	1	Screen Recording Recording18	Rectangle 28			Tab	5546	427	150	1682	13	386082	283	"Rectangle 8,Rectangle 15,Rectangle 26,Rectangle 32"		3.25955	5396	450	150	1682	12	386082	283	3.26476	5613	624	150	2198	9	386082	283	5846	650	150	2232	9	386065	300	0			0			4	386065	388147	31.58	370.94													
Recording18	Participant5	Timeline1	My Time of Interest 001	1	Screen Recording Recording18	Rectangle 29			Tab	2194	219	29	466	10	356669	167	"Rectangle 8,Rectangle 15,Rectangle 26,Rectangle 32"		3.1671	2065	258	67	466	8	356669	167	3.16853	2410	344	67	816	7	356669	167	2643	378	117	849	7	356586	250	0			0			2	356586	356836	195.51	387.58													
Recording18	Participant5	Timeline1	My Time of Interest 001	1	Screen Recording Recording18	Rectangle 30			Tab	5046	315	67	1099	16	397407	183	"Rectangle 8,Rectangle 15,Rectangle 26,Rectangle 32"		3.16327	5046	315	67	1099	16	397407	183	3.16327	5446	681	117	1949	8	397407	183	5713	714	133	1999	8	397374	217	0			0			6	397374	397590	57.62	32.99													
Recording18	Participant5	Timeline1	My Time of Interest 001	1	Screen Recording Recording18	Rectangle 31			Tab	999	250	133	550	4	401604	133	"Rectangle 8,Rectangle 15,Rectangle 26,Rectangle 32"		3.26126	999	250	133	550	4	401604	133	3.26126	999	250	133	550	4	401604	133	1066	266	150	566	4	401587	150	0			0			0	401587	401737	33.73	135.66													
Recording18	Participant5	Timeline1	My Time of Interest 001	1	Screen Recording Recording18	Rectangle 32			Tab	25531	228	16	966	112	445123	167	"Rectangle 8,Rectangle 15,Rectangle 26,Rectangle 32"		3.05806	24199	226	67	966	107	445123	167	3.05942	31144	1298	16	12424	24	445123	167	32043	1335	99	12474	24	445090	200	0			0			68	445090	445290	271.34	120.93													
Recording18	Participant5	Timeline1	My Time of Interest 001	1	Screen Recording Recording18	Rectangle 33			Tab	29795	211	67	616	141	457914	83	"Rectangle 8,Rectangle 15,Rectangle 26,Rectangle 32"		3.08663	29795	211	67	616	141	457914	83	3.08663	36124	1204	100	5130	30	457914	849	37307	1244	133	5180	30	457864	899	0			0			78	457864	458763	337.11	94.22													
Recording18	Participant5	Timeline1	My Time of Interest 001	1	Screen Recording Recording18	Rectangle 34			Tab	3414	244	83	583	14	458031	583	"Rectangle 8,Rectangle 15,Rectangle 26,Rectangle 32"		3.07995	3414	244	83	583	14	458031	583	3.07995	3564	356	100	733	10	458031	733	3847	385	133	766	10	457997	766	0			0			3	457997	458763	39.43	94.22													
Recording18	Participant5	Timeline1	My Time of Interest 001	1	Screen Recording Recording18	Rectangle 35			Tab	9393	247	83	533	38	459080	400	"Rectangle 8,Rectangle 15,Rectangle 26,Rectangle 32"		3.07017	9393	247	83	533	38	459080	400	3.07017	10309	573	83	2332	18	459080	1149	10909	606	150	2365	18	459047	1182	0			0			17	461262	460229	125.68	117.82													
Recording18	Participant5	Timeline1	My Time of Interest 001	1	Screen Recording Recording18	Rectangle 36			Tab	8544	194	67	600	44	463227	200	"Rectangle 8,Rectangle 15,Rectangle 26,Rectangle 32"		3.09823	8544	194	67	600	44	463227	200	3.09823	10226	568	83	1466	18	463227	366	10809	600	100	1499	18	463210	383	0			0			16	463210	463593	31.71	102.8													
Recording18	Participant5	Timeline1	My Time of Interest 001	1	Screen Recording Recording18	Rectangle 37			Tab	4497	187	67	616	24	457914	83	"Rectangle 8,Rectangle 15,Rectangle 26,Rectangle 32"		3.10675	4497	187	67	616	24	457914	83	3.10675	4763	298	83	916	16	457914	83	5263	329	100	949	16	457864	133	0			0			6	457864	457997	337.11	39.43													
Recording18	Participant5	Timeline1	My Time of Interest 001	1	Screen Recording Recording18	Rectangle 38			Tab	4813	201	67	500	24	466391	283	"Rectangle 8,Rectangle 15,Rectangle 26,Rectangle 32"		3.07475	4813	201	67	500	24	466391	283	3.07475	5729	441	83	1732	13	466391	550	6146	473	117	1765	13	466358	583	0			0			6	493888	494122	51.48	77.24													
Recording12	Participant3	Timeline1	My Time of Interest 001	1	Screen Recording Recording12	Rectangle			n	23527	231	27	633	102	60640	27	"Rectangle 8,Rectangle 26,Rectangle 32"		2.89951	22934	236	67	633	97	60717	167	2.90059	27491	4582	150	9610	6	60640	5073	27691	4615	183	9643	6	60640	5073	0			0			90	65963	65713	97.06	95.32													
Recording12	Participant3	Timeline1	My Time of Interest 001	1	Screen Recording Recording12	Rectangle 1			n	10060	214	100	533	47	74207	217	"Rectangle 8,Rectangle 26,Rectangle 32"		2.89871	10060	214	100	533	47	74207	217	2.89871	11192	1599	133	4730	7	74207	217	11475	1639	183	4763	7	74157	266	0			0			40	74157	74424	96.67	56.44													
Recording12	Participant3	Timeline1	My Time of Interest 001	1	Screen Recording Recording12	Rectangle 2			n	2332	233	117	350	10	74207	217	"Rectangle 8,Rectangle 26,Rectangle 32"		2.89268	2332	233	117	350	10	74207	217	2.89268	2482	496	133	966	5	74207	217	2665	533	167	983	5	74157	266	0			0			5	74157	74424	96.67	56.44													
Recording12	Participant3	Timeline1	My Time of Interest 001	1	Screen Recording Recording12	Rectangle 3			n	1349	270	150	533	5	94576	533	"Rectangle 8,Rectangle 26,Rectangle 32"		2.95493	1349	270	150	533	5	94576	533	2.95493	1349	270	150	533	5	94576	533	1499	300	167	566	5	94543	566	0			0			0	94543	95109	150.1	72.42													
Recording12	Participant3	Timeline1	My Time of Interest 001	1	Screen Recording Recording12	Rectangle 4			n	2931	195	133	516	15	75640	516	"Rectangle 8,Rectangle 26,Rectangle 32"		2.89454	2931	195	133	516	15	75640	516	2.89454	3198	457	150	1083	7	75640	683	3414	488	167	1099	7	75590	733	0			0			8	75590	76322	187.13	37.03													
Recording12	Participant3	Timeline1	My Time of Interest 001	1	Screen Recording Recording12	Rectangle 5			n	2581	199	100	316	13	74973	200	"Rectangle 8,Rectangle 26,Rectangle 32"		2.87404	2581	199	100	316	13	74973	200	2.87404	2765	553	150	849	5	74973	450	2915	583	167	866	5	74923	500	0			0			8	74923	75423	158.08	212.23													
Recording12	Participant3	Timeline1	My Time of Interest 001	1	Screen Recording Recording12	Rectangle 6			n	583	291	150	433	2	99223	150	"Rectangle 8,Rectangle 26,Rectangle 32"		2.93935	583	291	150	433	2	99223	150	2.93935	583	291	150	433	2	99223	150	633	316	183	450	2	99190	183	0			0			0	99190	99373	179.93	65.49													
Recording12	Participant3	Timeline1	My Time of Interest 001	1	Screen Recording Recording12	Rectangle 7			n	26731	330	67	1366	81	112447	150	"Rectangle 8,Rectangle 26,Rectangle 32"		2.91574	26165	331	67	1366	79	112447	150	2.9162	29496	4214	250	19336	7	112447	19336	29795	4256	283	19386	7	112397	19386	0			0			70	112397	131783	288.56	142.11													
Recording12	Participant3	Timeline1	My Time of Interest 001	1	Screen Recording Recording12	Rectangle 8			n	20048	275	46	999	73	131816	466	"Rectangle 8,Rectangle 26,Rectangle 32"		2.84858	19719	282	83	999	70	131816	466	2.84937	22380	2035	167	9693	11	131816	1382	22796	2072	200	9726	11	131783	1416	0			0			57	131783	133199	142.11	131.56													
Recording12	Participant3	Timeline1	My Time of Interest 001	1	Screen Recording Recording12	Rectangle 9			n	4480	320	150	516	14	131816	466	"Rectangle 8,Rectangle 26,Rectangle 32"		2.84873	4480	320	150	516	14	131816	466	2.84873	4713	943	167	1832	5	131816	1382	4847	969	200	1865	5	131783	1416	0			0			8	131783	133199	142.11	131.56													
Recording12	Participant3	Timeline1	My Time of Interest 001	1	Screen Recording Recording12	Rectangle 10			n	8723	257	46	616	34	133615	466	"Rectangle 8,Rectangle 26,Rectangle 32"		2.87598	8527	266	83	616	32	133615	466	2.8775	9323	848	83	2348	11	133615	2082	9772	888	183	2398	11	133565	2132	0			0			23	133565	135697	270.11	250.44													
Recording12	Participant3	Timeline1	My Time of Interest 001	1	Screen Recording Recording12	Rectangle 11			n	3597	212	83	350	17	148488	183	"Rectangle 8,Rectangle 26,Rectangle 32"		2.84373	3464	217	83	350	16	148488	183	2.84586	4030	672	117	1133	6	148488	1133	4197	700	167	1149	6	148471	1149	0			0			10	148471	149620	75.68	390.99													
Recording12	Participant3	Timeline1	My Time of Interest 001	1	Screen Recording Recording12	Rectangle 12			n	2631	439	183	999	6	151519	316	"Rectangle 8,Rectangle 26,Rectangle 32"		2.78224	2631	439	183	999	6	151519	316	2.78224	2765	922	250	1815	3	151519	1815	2848	949	300	1832	3	151502	1832	0			0			2	151502	153334	56.27	44.77													
Recording12	Participant3	Timeline1	My Time of Interest 001	1	Screen Recording Recording12	Rectangle 13			n	0				0			"Rectangle 8,Rectangle 26,Rectangle 32"			0				0				0				0			0				0			0			0			0																	
Recording12	Participant3	Timeline1	My Time of Interest 001	1	Screen Recording Recording12	Rectangle 14			n	13405	235	67	616	57	173736	133	"Rectangle 8,Rectangle 26,Rectangle 32"		2.91626	13291	237	67	616	56	173736	133	2.91559	14738	1228	115	6412	12	173736	1049	15321	1277	148	6462	12	173687	1099	0			0			43	173687	174786	413.34	133.16													
Recording12	Participant3	Timeline1	My Time of Interest 001	1	Screen Recording Recording12	Rectangle 15			n	1832	229	117	533	8	198902	233	"Rectangle 8,Rectangle 26,Rectangle 32"		2.90625	1832	229	117	533	8	198902	233	2.90625	1999	666	500	966	3	198902	966	2132	711	550	999	3	198869	999	0			0			5	198869	199868	154.17	459.95													
Recording12	Participant3	Timeline1	My Time of Interest 001	1	Screen Recording Recording12	Rectangle 16			n	4447	234	100	383	19	205947	217	"Rectangle 8,Rectangle 26,Rectangle 32"		2.83678	4447	234	100	383	19	205947	217	2.83678	4963	2482	2432	2532	2	205947	2432	5030	2515	2448	2581	2	205930	2448	0			0			17	205930	208378	43.27	223.76													
Recording12	Participant3	Timeline1	My Time of Interest 001	1	Screen Recording Recording12	Rectangle 17			n	0				0			"Rectangle 8,Rectangle 26,Rectangle 32"			0				0				0				0			0				0			0			0			0																	
Recording12	Participant3	Timeline1	My Time of Interest 001	1	Screen Recording Recording12	Rectangle 18			n	233	233	233	233	1	198902	233	"Rectangle 8,Rectangle 26,Rectangle 32"		2.89458	233	233	233	233	1	198902	233	2.89458	233	233	233	233	1	198902	233	266	266	266	266	1	198869	266	0			0			0	198869	199135	154.17	89.09													
Recording12	Participant3	Timeline1	My Time of Interest 001	1	Screen Recording Recording12	Rectangle 19			n	416	208	167	250	2	199185	250	"Rectangle 8,Rectangle 26,Rectangle 32"		2.86344	416	208	167	250	2	199185	250	2.86344	433	433	433	433	1	199185	433	483	483	483	483	1	199135	483	0			0			1	199135	199618	89.09	132.64													
Recording12	Participant3	Timeline1	My Time of Interest 001	1	Screen Recording Recording12	Rectangle 20			n	333	167	117	217	2	199651	217	"Rectangle 8,Rectangle 26,Rectangle 32"		2.87365	333	167	117	217	2	199651	217	2.87365	333	167	117	217	2	199651	217	400	200	150	250	2	199618	250	0			0			0	199618	199868	132.64	459.95													
Recording12	Participant3	Timeline1	My Time of Interest 001	1	Screen Recording Recording12	Rectangle 21			n	316	158	150	167	2	200767	150	"Rectangle 8,Rectangle 26,Rectangle 32"		2.91782	316	158	150	167	2	200767	150	2.91782	316	158	150	167	2	200767	150	400	200	200	200	2	200717	200	0			0			0	200717	200917	307.16	87.59													
Recording12	Participant3	Timeline1	My Time of Interest 001	1	Screen Recording Recording12	Rectangle 22			n	5929	247	83	816	24	174969	117	"Rectangle 8,Rectangle 26,Rectangle 32"		2.88022	5846	254	100	816	23	174969	117	2.88271	6545	1309	416	2415	5	174969	883	6745	1349	433	2482	5	174952	899	0			0			18	174952	175852	46.86	101.08													
Recording12	Participant3	Timeline1	My Time of Interest 001	1	Screen Recording Recording12	Rectangle 23			n	8294	237	67	933	35	185944	183	"Rectangle 8,Rectangle 26,Rectangle 32"		2.86415	8294	237	67	933	35	185944	183	2.86415	10093	1121	117	2581	9	185944	366	10459	1162	133	2615	9	185911	400	0			0			19	185911	186311	56.99	129.13													
Recording12	Participant3	Timeline1	My Time of Interest 001	1	Screen Recording Recording12	Rectangle 24			n	5313	266	133	500	20	190158	150	"Rectangle 8,Rectangle 26,Rectangle 32"		2.91005	5313	266	133	500	20	190158	150	2.91005	6046	864	150	1815	7	190158	150	6279	897	200	1865	7	190108	200	0			0			12	190108	190308	174.26	67.93													
Recording12	Participant3	Timeline1	My Time of Interest 001	1	Screen Recording Recording12	Rectangle 25			n	33066	258	67	949	128	225960	123	"Rectangle 8,Rectangle 26,Rectangle 32"		3.10961	32044	261	67	949	123	226099	150	3.11097	37263	2866	217	10293	13	225960	289	37929	2918	266	10343	13	225960	289	0			0			108	226632	226249	150.55	232.17													
Recording12	Participant3	Timeline1	My Time of Interest 001	1	Screen Recording Recording12	Rectangle 26			n	18054	334	83	1049	54	251048	716	"Rectangle 8,Rectangle 26,Rectangle 32"		3.06309	18054	334	83	1049	54	251048	716	3.06309	19370	1614	100	4563	12	251048	716	19819	1652	167	4613	12	251031	733	0			0			40	251031	251764	382.29	163.08													
Recording12	Participant3	Timeline1	My Time of Interest 001	1	Screen Recording Recording12	Rectangle 27			n	3781	473	183	1049	8	251048	716	"Rectangle 8,Rectangle 26,Rectangle 32"		3.07191	3781	473	183	1049	8	251048	716	3.07191	3864	966	583	1815	4	251048	716	3964	991	600	1865	4	251031	733	0			0			4	251031	251764	382.29	163.08													
Recording12	Participant3	Timeline1	My Time of Interest 001	1	Screen Recording Recording12	Rectangle 28			n	6012	301	83	849	20	252880	600	"Rectangle 8,Rectangle 26,Rectangle 32"		3.01808	6012	301	83	849	20	252880	600	3.01808	6545	1309	566	2731	5	252880	600	6695	1339	583	2748	5	252864	616	0			0			14	252864	253480	33.48	241.45													
Recording12	Participant3	Timeline1	My Time of Interest 001	1	Screen Recording Recording12	Rectangle 29			n	2898	362	100	600	8	270701	516	"Rectangle 8,Rectangle 26,Rectangle 32"		3.073	2898	362	100	600	8	270701	516	3.073	2948	590	100	1049	5	270701	916	3164	633	167	1099	5	270684	933	0			0			3	270684	271617	33.58	42.41													
Recording12	Participant3	Timeline1	My Time of Interest 001	1	Screen Recording Recording12	Rectangle 30			n	2931	293	83	816	10	258376	483	"Rectangle 8,Rectangle 26,Rectangle 32"		3.1082	2931	293	83	816	10	258376	483	3.1082	3181	454	133	816	7	258376	483	3381	483	167	849	7	258360	500	0			0			2	258360	258859	32.7	35.75													
Recording12	Participant3	Timeline1	My Time of Interest 001	1	Screen Recording Recording12	Rectangle 31			n	2282	326	183	483	7	258876	266	"Rectangle 8,Rectangle 26,Rectangle 32"		3.09176	2282	326	183	483	7	258876	266	3.09176	2348	587	283	949	4	258876	733	2448	612	300	966	4	258859	749	0			0			3	258859	259609	35.75	87.52													
Recording12	Participant3	Timeline1	My Time of Interest 001	1	Screen Recording Recording12	Rectangle 32			n	17434	203	67	583	86	292385	150	"Rectangle 8,Rectangle 26,Rectangle 32"		2.85575	16472	206	67	583	80	292385	150	2.856	21098	1507	80	4880	14	292385	3214	21715	1551	147	4930	14	292335	3264	0			0			61	292335	295600	219.95	133.39													
Recording12	Participant3	Timeline1	My Time of Interest 001	1	Screen Recording Recording12	Rectangle 33			n	19718	290	15	1166	68	292320	15	"Rectangle 8,Rectangle 26,Rectangle 32"		2.78176	19703	294	83	1166	67	295650	117	2.78171	21167	1411	15	3314	15	292320	15	21750	1450	15	3364	15	292320	15	0			0			52	295600	292335	133.39	219.95													
Recording12	Participant3	Timeline1	My Time of Interest 001	1	Screen Recording Recording12	Rectangle 34			n	4180	261	133	450	16	295783	250	"Rectangle 8,Rectangle 26,Rectangle 32"		2.73893	4180	261	133	450	16	295783	250	2.73893	4480	1493	1382	1665	3	295783	1382	4563	1521	1399	1699	3	295766	1399	0			0			13	295766	297165	38.33	245.78													
Recording12	Participant3	Timeline1	My Time of Interest 001	1	Screen Recording Recording12	Rectangle 35			n	5628	281	15	783	20	292320	15	"Rectangle 8,Rectangle 26,Rectangle 32"		2.78092	5613	295	117	783	19	295650	117	2.78075	5911	739	15	1749	8	292320	15	6144	768	15	1799	8	292320	15	0			0			12	295600	292335	133.39	219.95													
Recording12	Participant3	Timeline1	My Time of Interest 001	1	Screen Recording Recording12	Rectangle 36			n	3364	280	117	566	12	300313	566	"Rectangle 8,Rectangle 26,Rectangle 32"		2.80029	3364	280	117	566	12	300313	566	2.80029	3448	431	117	1249	8	300313	1249	3731	466	150	1299	8	300263	1299	0			0			4	300263	301562	212.53	146.4													
Recording12	Participant3	Timeline1	My Time of Interest 001	1	Screen Recording Recording12	Rectangle 37			n	3831	274	83	550	14	306742	183	"Rectangle 8,Rectangle 26,Rectangle 32"		2.80031	3831	274	83	550	14	306742	183	2.80031	4047	506	167	1266	8	306742	183	4380	548	183	1316	8	306692	233	0			0			5	306692	306925	243.12	44.07													
Recording12	Participant3	Timeline1	My Time of Interest 001	1	Screen Recording Recording12	Rectangle 38			n	1699	283	150	716	6	306942	150	"Rectangle 8,Rectangle 26,Rectangle 32"		2.78894	1699	283	150	716	6	306942	150	2.78894	1832	916	150	1682	2	306942	150	1899	949	167	1732	2	306925	167	0			0			4	306925	307092	44.07	36.94													
